,equity_rotate5,equity_0050
2015-02-26,499644.2569338692,525928.9959062255
2015-03-02,500254.38469985133,523677.9305892764
2015-03-03,499294.93281090166,522923.1884294372
2015-03-04,496704.67531516,523290.5895258665
2015-03-05,503469.70243472396,521413.7206066208
2015-03-06,505942.3872109339,522155.24476916064
2015-03-09,504201.49176837783,516912.15273502975
2015-03-10,502289.5231502239,515783.3993380514
2015-03-11,504291.90452254144,516524.9257447823
2015-03-12,504159.0524583638,521006.6844229821
2015-03-13,502057.91221613914,519503.87288694695
2015-03-16,497350.92789421894,515383.23867046525
2015-03-17,497434.59827444406,517246.6873487488
2015-03-18,501371.7848670836,522850.14982790744
2015-03-19,501973.046251273,528453.4291650661
2015-03-20,496596.89553888363,527698.7091012466
2015-03-23,495123.51244747336,529187.8452667531
2015-03-24,495986.75006129063,527311.332414234
2015-03-25,491534.662464865,525434.6226556542
2015-03-26,491075.1247538276,519070.62012067076
2015-03-27,489700.42904591054,514202.37726901093
2015-03-30,488540.8000677735,514569.7628751375
2015-03-31,491406.213987935,516433.1066702741
2015-04-01,482810.17749112897,513434.8552965735
2015-04-02,489619.384326035,519785.5066679872
2015-04-07,493967.01534256106,520526.86152402626
2015-04-08,484530.18822921254,516032.9027425032
2015-04-09,476780.9938932482,516774.3269967958
2015-04-10,479082.9026351598,520880.99558797665
2015-04-13,479694.3927161306,522370.0121552723
2015-04-14,476596.1692070878,519745.9052199245
2015-04-15,470141.6942190725,513382.6991531778
2015-04-16,471112.90690246114,521228.3608394258
2015-04-17,470007.15415573004,516360.9745622906
2015-04-20,469213.6289818894,515606.58850497025
2015-04-21,469500.81178298895,515600.0411197194
2015-04-22,478982.3141800187,520828.08304489986
2015-04-23,495371.7019877072,534655.1491163087
2015-04-24,510342.07518099964,539882.6531866816
2015-04-27,525649.9987695371,543988.4538287523
2015-04-28,536598.2325229386,542859.8674959928
2015-04-29,529524.079512408,536871.0360040348
2015-04-30,539101.5905833158,534247.2659558274
2015-05-04,541211.9707176874,535362.0362094962
2015-05-05,536437.4479381484,532364.4643508174
2015-05-06,546408.2595352535,533105.4695400707
2015-05-07,534149.7346895643,526743.1415750362
2015-05-08,536164.1068468536,527110.4888897856
2015-05-11,550214.2377613141,529720.5079501015
2015-05-12,555904.2386428666,528592.4346345777
2015-05-13,555152.0979650423,531576.1459096243
2015-05-14,536129.4319055893,524093.1263008826
2015-05-15,524248.4970671545,523338.8944289799
2015-05-18,520049.80266224995,525201.1465617238
2015-05-19,521376.6161869344,533044.546295274
2015-05-20,513511.407860359,529299.7104461216
2015-05-21,505277.6047629935,524433.8447636531
2015-05-22,510704.1287068158,528538.738742033
2015-05-25,509403.0422630132,528532.0271390014
2015-05-26,511727.6784539622,530767.9278885917
2015-05-27,508051.23566841136,531882.500235606
2015-05-28,510451.5223425413,534492.2303872377
2015-05-29,506446.7621790684,531495.149487296
2015-06-01,502004.04340690025,527003.4036243395
2015-06-02,495610.2412269049,526249.167259887
2015-06-03,502323.65482655726,522878.7615370119
2015-06-04,480014.17630862986,512780.91748109023
2015-06-05,487166.9634131676,511653.23410959076
2015-06-08,489355.1743304534,515010.33197922364
2015-06-09,480284.7013326591,510892.6615884531
2015-06-10,493162.807608478,513128.5138155677
2015-06-11,480617.5377658036,514616.95352171734
2015-06-12,477020.4216183978,514236.62346555124
2015-06-15,477531.46605825354,513108.96631088475
2015-06-16,474617.4088841203,509738.98970148235
2015-06-17,478420.6402205138,511974.91779565817
2015-06-18,480774.9876651596,511220.9047399368
2015-06-22,491231.0639865459,518314.76873902953
2015-06-23,498156.3577300105,519802.9689927585
2015-06-24,493947.7605005518,520543.7702011499
2015-06-25,498277.92704146064,526515.7699572071
2015-06-26,498391.2427423642,526509.0840426681
2015-06-29,490465.2732218056,514171.3273081528
2015-06-30,498470.72476097895,518648.94094649196
2015-07-01,503800.8841148426,523499.8940815434
2015-07-02,500338.57093754655,523866.89857694163
2015-07-03,499445.7014185774,523860.2462988645
2015-07-06,495756.41497358656,517875.1492852
2015-07-07,487829.79699059157,520110.60391713755
2015-07-08,455482.46360033134,504411.12272960076
2015-07-09,471344.77046159894,501415.60897265776
2015-07-10,471344.77046159894,501409.24179032154
2015-07-13,465836.3528695673,508875.4969543123
2015-07-14,467155.03660611535,508869.0350432398
2015-07-15,471528.7813427601,509983.40145073726
2015-07-16,474043.64221691876,512592.11743996496
2015-07-17,472566.23046650656,511838.40848623466
2015-07-20,463856.0329978451,508095.8350382308
2015-07-21,466507.57766975334,512946.0993947288
2015-07-22,448252.22114473936,506588.6697417433
2015-07-23,438349.83458362735,501725.56243911874
2015-07-24,437768.7043156897,498730.5002842918
2015-07-27,416722.9881180385,491626.22805488575
2015-07-28,428055.4768029261,491993.7147079086
2015-07-29,433069.7794477017,488625.2466093486
2015-07-30,434338.34737061884,496837.42298144754
2015-07-31,444729.5324542563,494216.1651367638
2015-08-03,432699.4728451247,487485.9893256139
2015-08-04,420080.9068826897,487853.30132571346
2015-08-05,428203.0236789801,490835.5344994751
2015-08-06,417682.1888544358,485599.75110932154
2015-08-07,421588.0524668464,483352.330757685
2015-08-10,434000.20139007666,482225.6615732155
2015-08-11,425619.85253970337,482219.53807275114
2015-08-12,427747.1339389716,473996.0541022118
2015-08-13,444458.62188063265,474736.97330357356
2015-08-14,441948.71295875276,472863.46032993705
2015-08-17,432451.569430816,469869.49393180467
2015-08-18,437074.27833398996,467248.85489360086
2015-08-19,428808.20434436155,460146.59591728373
2015-08-20,430404.95192048023,458646.7270733004
2015-08-21,410405.933839478,446689.37807146006
2015-08-24,389316.2078681433,429503.53825204936
2015-08-25,410070.34944869345,448171.8803731896
2015-08-26,413291.5704225088,450780.41838699137
2015-08-27,425616.42017057247,449281.00748120423
2015-08-28,434037.83693263726,461599.4853699006
2015-08-31,435916.19064794073,465328.1933175563
2015-09-01,431019.5554035265,461214.2734517272
2015-09-02,432000.9861159368,463822.5612472025
2015-09-03,438125.0022623732,464190.1507826034
2015-09-04,425407.94177026383,458209.23228593834
2015-09-07,431722.94857300376,457456.51472228195
2015-09-08,431453.51194994966,458944.44416234025
2015-09-09,444938.1381360267,479103.56432300137
2015-09-10,441960.4768496449,473869.67120381986
2015-09-11,439066.86714542744,474236.9826461357
2015-09-14,442349.11602952424,475351.13629626145
2015-09-15,443828.45723634574,471611.1742369415
2015-09-16,451163.07095061924,477206.1659180706
2015-09-17,451947.75547629764,485414.7947856303
2015-09-18,458533.3326979936,484288.43061237014
2015-09-21,451512.00470406085,473827.5510598724
2015-09-22,454755.4454506679,476435.0919430814
2015-09-23,446340.89080321655,465601.0833134796
2015-09-24,437114.00448628847,462981.63887271134
2015-09-25,441504.2114791287,464842.5330166996
2015-09-29,441504.2114791287,464836.63025437563
2015-09-30,444761.3161878303,465950.82817331736
2015-10-01,446428.6573696518,474905.3990066821
2015-10-02,449661.35942154593,472286.0430283262
2015-10-05,448475.5998880054,473400.0223263768
2015-10-06,445109.54400640825,477127.3950289579
2015-10-07,445322.2977636239,484214.6394338974
2015-10-08,443233.85845101427,483088.47540855047
2015-10-12,449581.2035597351,489428.94575091015
2015-10-13,462037.1081195207,487556.0318411879
2015-10-14,454785.61358319793,485683.2467676306
2015-10-15,452218.71147646854,492770.0948657861
2015-10-16,457139.94660335925,490897.2503136869
2015-10-19,465910.68607714365,492384.2837280937
2015-10-20,467826.44887067797,492378.03122925275
2015-10-21,458557.8625896096,489012.1150004887
2015-10-22,462696.784444062,489005.9053228379
2015-10-23,462109.72945297864,491985.8747360616
2015-10-26,466050.2815084891,496984.1578596547
2015-10-27,469058.0235768394,494283.18399756163
2015-10-28,477476.5416724553,490812.32662836864
2015-10-29,467706.77069498843,487341.6386658866
2015-10-30,469676.61746848805,486565.5990683462
2015-11-02,471376.9806084917,487329.2618139644
2015-11-03,470890.5135205375,495021.75531775213
2015-11-04,475436.3115895733,504638.48589025205
2015-11-05,479456.8591374622,503477.44107076176
2015-11-06,473042.6273180519,493463.04908302706
2015-11-09,461878.51033798925,489992.63540043955
2015-11-10,465892.5502297956,484212.9616647238
2015-11-11,465066.92941070365,478433.1093219212
2015-11-12,468676.8774548563,479196.7971346201
2015-11-13,463843.15848379093,474187.2338061344
2015-11-16,470291.1805741222,470717.2035108285
2015-11-17,477705.8926523882,479948.43872863875
2015-11-18,480487.3070148595,472629.68098748167
2015-11-19,485676.89512465463,479551.35183767043
2015-11-20,491798.9501956989,479545.26229669474
2015-11-23,488756.4044297466,481848.2976920504
2015-11-24,485140.74485020374,476839.0234518006
2015-11-25,488118.65713252,476832.96835309005
2015-11-26,500640.5290684631,483369.35393982363
2015-11-27,497466.88221499784,476820.85838633846
2015-11-30,485281.52409097797,471042.25624556304
2015-12-01,493877.0916493112,480272.27376641793
2015-12-02,497073.32094308094,479496.5487525964
2015-12-03,494453.2333515832,480260.07645278185
2015-12-04,495470.9750800198,475251.3712703047
2015-12-07,493372.8190811582,481017.5171033594
2015-12-08,488621.34473795927,473315.25209486333
2015-12-09,476083.3088323753,467537.0856039279
2015-12-10,477794.42734807206,465992.0539145059
2015-12-11,467882.0760187179,460598.94661772525
2015-12-14,482077.45741792617,457130.0904711778
2015-12-15,491634.9389680817,457508.973523782
2015-12-16,493539.17399219726,464429.12448424567
2015-12-17,501580.5162860303,469810.22458060033
2015-12-18,500162.2064216974,467495.52833503496
2015-12-21,495795.8223470823,466720.1332550685
2015-12-22,499660.9555254861,467868.44091087836
2015-12-23,501852.5626871965,468632.14205491665
2015-12-24,492196.5516171322,470934.6010645266
2015-12-25,494343.8121552424,474006.6243076621
2015-12-28,502049.3663158685,472846.34824761684
2015-12-29,496270.677923636,469377.5763896854
2015-12-30,494304.78710525046,465909.2177201888
2015-12-31,499027.17126433965,467442.1029883794
2016-01-04,485292.3308521075,458202.9872624196
2016-01-05,487131.6229791002,454349.99838390475
2016-01-06,476259.3845932484,449727.67484139616
2016-01-07,466694.32017354877,441258.39589538006
2016-01-08,468869.4706167148,442022.16487392504
2016-01-11,455332.8071913703,435092.0456294585
2016-01-12,458621.7666479355,434701.80364898226
2016-01-13,459809.16719320265,439697.2160130592
2016-01-14,458129.6955295926,436229.5519586829
2016-01-15,455044.05479905044,436224.0125358008
2016-01-18,470346.059931451,439295.7683943175
2016-01-19,465517.8721186373,440444.1864853393
2016-01-20,457354.18714318064,430052.716739841
2016-01-21,453801.8348017291,429278.01205536077
2016-01-22,457762.0666745977,435042.323349873
2016-01-25,469707.7164027284,442729.7314514184
2016-01-26,468939.1721261494,438493.04427278874
2016-01-27,470364.61165381456,440410.62989833974
2016-01-28,475830.7144659174,442712.8657710561
2016-01-29,474232.77365064813,453861.5046661846
2016-02-01,473133.02427596383,458086.6322868781
2016-02-02,476214.97939087066,456542.1997627149
2016-02-03,465990.7847956616,453459.5354450921
2016-02-15,466083.6093117672,453838.45182251424
2016-02-16,468868.835820384,463447.76557883393
2016-02-17,468421.3970403929,461134.29790385487
2016-02-18,478985.50068606465,468435.8027656063
2016-02-19,478466.6591496237,468045.19931936957
2016-02-22,478624.1238855114,467654.60571768536
2016-02-23,474025.2864214799,468033.31253263674
2016-02-24,475058.5538795615,463797.0155363831
2016-02-25,470175.455541262,469944.2786022742
2016-02-26,474782.0855954146,471091.9185554204
2016-03-01,477932.2352651249,475700.71411854756
2016-03-02,476197.000252209,479540.27270987234
2016-03-03,476287.2721921669,484148.84379235294
2016-03-04,473464.3752509739,485296.2447752477
2016-03-07,469126.9886918635,485290.0822832506
2016-03-08,464224.91623090423,484899.2779151302
2016-03-09,466634.43557001214,485277.7575340168
2016-03-10,465930.93141032016,486425.20746297104
2016-03-11,467386.01153396047,488726.06321354664
2016-03-14,472640.5972525773,492180.565209767
2016-03-15,463999.8626509607,484868.491441278
2016-03-16,470287.63417910296,489091.9360963528
2016-03-17,471953.25330995495,494468.8935977098
2016-03-18,472444.4755396352,497538.50338773325
2016-03-21,482343.2978541143,496763.07068508066
2016-03-22,477013.1038974037,495218.87757135817
2016-03-23,463259.85705582926,494828.12270703993
2016-03-24,457488.7424154124,494821.83917532297
2016-03-25,456867.6461092711,492508.7754658036
2016-03-28,450342.691431799,492886.89187410043
2016-03-29,449081.06878671993,489420.5301744626
2016-03-30,469258.6972186708,497487.962040063
2016-03-31,467878.46262579056,497097.2482704212
2016-04-01,469346.022290152,491324.1280377044
2016-04-06,478349.91199452744,479784.6227647064
2016-04-07,470485.1227993751,477856.2962468343
2016-04-08,473633.7830821445,482463.40131650347
2016-04-11,474046.3580229114,484379.54122176114
2016-04-12,464908.0909815426,483989.02319467644
2016-04-13,474030.0754333596,492439.9849569927
2016-04-14,478139.60967747157,493971.36447020597
2016-04-15,473519.6762169912,493965.0918179587
2016-04-18,476390.6205993969,490883.55068501655
2016-04-19,477309.36674755905,488955.3191052934
2016-04-20,470988.7131098398,481645.63433552795
2016-04-21,480531.3282155762,483946.00358704
2016-04-22,473290.38482915505,485861.7425512442
2016-04-25,476480.91321085475,486239.9367376101
2016-04-26,474647.08370937494,488155.5165461543
2016-04-27,472146.0498404027,487380.6501584237
2016-04-28,466091.4709130956,479687.15199763066
2016-04-29,464507.95396055514,473531.3483150475
2016-05-03,456552.583272013,466991.1990115846
2016-05-04,446555.2296654169,461988.7976674304
2016-05-05,448670.68937401625,462751.5093221281
2016-05-06,438140.3982214924,458902.34436229314
2016-05-09,440190.66358412395,458896.5170309361
2016-05-10,449373.3686954609,461196.6613049973
2016-05-11,445508.23680174176,460037.79311154224
2016-05-12,445538.4187249319,459647.72727369773
2016-05-13,445281.778124589,454645.74148705415
2016-05-16,443855.287168496,458098.70921345823
2016-05-17,455190.4270772195,461551.67037459486
2016-05-18,454466.5037819737,460777.2378535036
2016-05-19,444531.60234267684,458465.6201499938
2016-05-20,449400.6626482757,461149.81166292005
2016-05-23,460091.66894388094,476515.4101589272
2016-05-24,460950.1617959717,471513.7354620065
2016-05-25,462436.4784962801,476503.3082570944
2016-05-26,463851.4805091169,477650.0269087228
2016-05-27,465130.791871204,481102.3884468215
2016-05-30,464898.5401046701,485323.23689591826
2016-05-31,464601.15351937606,485317.07406116405
2016-06-01,469005.36567367904,489537.55866201717
2016-06-02,470798.4332579911,489531.3423120659
2016-06-03,470098.5892415001,490677.8888901319
2016-06-06,467331.0995157797,492208.6692055628
2016-06-07,472979.3843255543,498734.3187568332
2016-06-08,478385.0164934715,501417.6360753161
2016-06-13,470673.0228008745,489884.5506353664
2016-06-14,470307.68077046995,492952.11484895536
2016-06-15,469415.17414694536,493714.25103252317
2016-06-16,467694.2474663777,486792.26287969
2016-06-17,476014.73218946427,492164.91899055854
2016-06-20,477358.46631285374,495616.40025207726
2016-06-21,482284.82271070895,497531.24240691925
2016-06-22,487177.7915055439,499061.5781753356
2016-06-23,481407.6931282061,497902.6942715515
2016-06-24,469663.9885468069,484834.27496285556
2016-06-27,469357.48328267667,489822.34662797814
2016-06-28,472320.61961354804,491737.0186239393
2016-06-29,474411.5164107961,497109.0655469462
2016-06-30,475431.5823796246,502865.0796560996
2016-07-01,476923.10996233695,509005.289832988
2016-07-04,484761.70730009675,509382.9608019124
2016-07-05,488763.85032776475,507839.8926773665
2016-07-06,481258.43097630295,498614.0029578695
2016-07-07,483793.3358451389,504753.9143314021
2016-07-08,483793.3358451389,504747.50475788675
2016-07-11,491062.0309994082,514728.28354447265
2016-07-12,493810.61862703995,519331.29452417186
2016-07-13,497243.32821104303,519708.719062979
2016-07-14,495260.0534013584,520086.13393265876
2016-07-15,496223.73841144267,526225.4261141917
2016-07-18,495656.4259650054,531212.1021395351
2016-07-19,494899.93230020604,531973.4371802578
2016-07-20,491674.19769241253,531582.5248074401
2016-07-21,502568.10214469134,534264.4347074579
2016-07-22,508536.4151169978,532337.2786035842
2016-07-25,503738.49804938916,530026.0694140189
2016-07-26,506993.1145613188,533091.9531439141
2016-07-27,506536.92687563476,535389.5745480675
2016-07-28,502986.07767545845,536937.9116322747
2016-07-29,510279.89489624527,533043.0803753178
2016-08-01,517031.27509395464,538868.2773007642
2016-08-02,516083.2808651174,538861.4345289889
2016-08-03,507608.16445408436,534577.9120693784
2016-08-04,506095.74120385153,535737.5536360337
2016-08-05,514189.4245493433,541173.5339647549
2016-08-08,499738.97352099686,544665.5786194247
2016-08-09,494408.068904231,547379.944218153
2016-08-10,504504.15028029867,548928.0730354042
2016-08-11,491044.8222164798,543867.3808953012
2016-08-12,486974.5401380132,545804.0923035869
2016-08-15,505232.0447344644,546963.4064983119
2016-08-16,502537.96609712567,543846.6624010279
2016-08-17,497099.8132885481,544617.1657456562
2016-08-18,500608.2379243768,543444.0899273325
2016-08-19,494048.5674477473,537994.9345434529
2016-08-22,499476.3570536595,534100.9608676573
2016-08-23,494335.405594117,539536.2949246707
2016-08-24,498022.34213636117,537974.4397585809
2016-08-25,498525.66079994064,544186.9365216461
2016-08-26,505973.1881490451,544957.5287034813
2016-08-29,509868.43851698237,544561.842016269
2016-08-30,515520.33096537547,544166.2058539797
2016-08-31,509272.6179061257,539495.1887024171
2016-09-01,506619.52648504253,536767.481124183
2016-09-02,510007.0322703249,537538.1587194076
2016-09-05,522886.80686282826,546470.6931516716
2016-09-06,527256.468971083,550738.887071033
2016-09-07,523122.519916954,558505.2769031153
2016-09-08,526543.8617848854,556554.8331945778
2016-09-09,528548.9851021178,547220.0968491791
2016-09-12,519248.9354970604,535165.266398588
2016-09-13,514412.8909141846,535158.4706491733
2016-09-14,515536.9458984572,532042.5433983635
2016-09-19,540333.1301649433,551855.9605107993
2016-09-20,541552.8601458893,551071.6389633878
2016-09-21,543222.9556923411,553784.9618269637
2016-09-22,540815.5938845956,554943.9113601022
2016-09-23,541747.9131019365,558823.0017711675
2016-09-26,542888.3452311787,551820.9229269706
2016-09-27,542888.3452311787,551813.9156771557
2016-09-28,542888.3452311787,551806.9085163216
2016-09-29,543483.1313484972,558794.6176514155
2016-09-30,543093.0690322735,551404.3986744966
2016-10-03,542570.4275724763,555283.0757453765
2016-10-04,541365.8238136182,557607.5077800336
2016-10-05,536467.5857797328,555657.6571512955
2016-10-06,530993.9368080047,557204.8298043445
2016-10-07,522091.63434057304,556809.0803150281
2016-10-11,518343.4344021593,555247.8205724559
2016-10-12,513361.22783286445,561457.5285662272
2016-10-13,516211.0677294467,557176.5278758886
2016-10-14,511140.06962690287,555226.6685431288
2016-10-17,514955.8958158342,555219.6180457504
2016-10-18,517007.7396432824,559097.9965608271
2016-10-19,513539.60543911386,562199.1194778094
2016-10-20,513110.26659176324,564523.0164045576
2016-10-21,514083.6694826975,564127.3400402648
2016-10-24,518949.3010854988,564897.3039229442
2016-10-25,516440.3558770529,570329.1019413497
2016-10-26,512901.8510633813,567213.9560675389
2016-10-27,516031.18857572,564098.6864989391
2016-10-28,509558.37266344496,564091.5233410151
2016-10-31,509751.76789953304,564084.3602740521
2016-11-01,506791.4529895649,564077.1972980485
2016-11-02,488730.09877603163,557465.9102572477
2016-11-03,477675.0412110034,553185.6931705407
2016-11-04,480307.088109574,551624.7535632491
2016-11-07,487485.18723509804,559386.9414990364
2016-11-08,495605.8277433352,562099.181216814
2016-11-09,466895.07136992237,543834.6225541008
2016-11-10,484846.95688582194,559365.6317909143
2016-11-11,467108.9558189556,544209.2853298463
2016-11-14,474372.4370759613,544590.8847010956
2016-11-15,471543.79379424045,543030.1923547474
2016-11-16,475685.87337741745,543800.0942486367
2016-11-17,475019.934071124,545346.8452247945
2016-11-18,475447.9626577949,546893.5973659914
2016-11-21,479803.41910837265,547663.5422131886
2016-11-22,482644.5517349732,555036.3365356621
2016-11-23,489111.623177434,557748.089543602
2016-11-24,481207.0261545896,554633.9320977394
2016-11-25,479782.09550077067,554238.5046261433
2016-11-28,481787.83914748125,557338.5032301825
2016-11-29,486355.07977630885,556554.5955777612
2016-11-30,485678.863562813,556936.0195169557
2016-12-01,482233.88415250886,559259.0954265067
2016-12-02,480726.12220755743,553038.1957164021
2016-12-05,478021.17369486997,552254.3010690985
2016-12-06,488424.57721297425,559237.7905886495
2016-12-07,492441.16174804966,559230.689156388
2016-12-08,498023.7514075139,566213.953079531
2016-12-09,494873.6849779545,568148.5605696972
2016-12-12,491186.0752255733,565811.2834070447
2016-12-13,489823.4367082127,566580.6680943009
2016-12-14,501184.8849437862,567738.5966982015
2016-12-15,500252.4440226702,566954.7158724933
2016-12-16,498594.7383330628,561510.9664080708
2016-12-19,485881.69144283625,558009.0451975027
2016-12-20,496529.3166193417,557225.2769847942
2016-12-21,496432.9474816517,556829.9458947043
2016-12-22,490744.38107579097,549833.3568647901
2016-12-23,486161.5942171428,547884.9859983623
2016-12-26,483884.38417214213,549819.3929316888
2016-12-27,474015.82587970304,549424.2161264909
2016-12-28,483615.3413123697,556017.9693006593
2016-12-29,485412.71684832685,553292.9241193277
2016-12-30,491433.5822233102,557556.893191629
2017-01-03,490025.76457932487,558326.4877671421
2017-01-04,490833.87814196607,557931.106025548
2017-01-05,494316.65268115234,562971.2653260443
2017-01-06,499169.5567262134,564128.8815093327
2017-01-09,493830.7529562945,562568.7716789049
2017-01-10,510193.7609560578,562173.3963061904
2017-01-11,523078.2215675001,562166.257596396
2017-01-12,527744.6447909118,567982.648293311
2017-01-13,540066.4419558053,563704.847859523
2017-01-16,542496.6056913413,559038.984568452
2017-01-17,546540.9559472083,561361.2491629602
2017-01-18,566681.3165468477,560189.5550888259
2017-01-19,576031.4909960771,558629.6125210389
2017-01-20,569020.2340728334,560175.3281428365
2017-01-23,587971.6543139536,564826.4621077799
2017-01-24,601270.759356351,569089.3765357571
2017-02-02,628383.4905605249,565976.7306716572
2017-02-03,610686.8651124586,565581.4116888401
2017-02-06,612544.1570509919,568679.6916979335
2017-02-07,619417.0187465651,569060.4709592831
2017-02-08,632588.1051801257,570245.3855744089
2017-02-09,664621.6546349175,572225.0474380876
2017-02-10,669329.8625754917,578575.7577839715
2017-02-13,710651.3711098675,579760.5466632532
2017-02-14,703788.8550179114,581740.1335298767
2017-02-15,705983.3372796293,587295.7437792055
2017-02-16,719006.9705457047,583711.9741727887
2017-02-17,750196.9096477078,582909.8855818567
2017-02-20,749149.3493013098,580915.7975884514
2017-02-21,727903.1616013742,582100.5469352632
2017-02-22,737036.5527933808,582490.3364698131
2017-02-23,725751.1897043299,580893.6677438451
2017-02-24,726523.4062867853,581283.5840253929
2017-03-01,747918.3796651042,574919.1949975257
2017-03-02,732682.89153906,576501.1059166747
2017-03-03,733772.6959774261,572918.044090954
2017-03-06,754899.5375717622,573308.0819715183
2017-03-07,752584.3645900125,575684.568778796
2017-03-08,740471.6515098515,578855.6415180074
2017-03-09,729106.6150735104,572491.5651528415
2017-03-10,710469.6400852501,572087.0025689453
2017-03-13,725004.3388535776,576052.5350230638
2017-03-14,727395.1186970841,580018.047668464
2017-03-15,738213.7226995551,578818.8897122542
2017-03-16,756316.0857390536,586359.3963906294
2017-03-17,781057.7944077066,587941.0210587581
2017-03-20,798083.8338468538,587536.414047293
2017-03-21,807917.2062243106,595076.6439786822
2017-03-22,821083.638657622,589507.552567178
2017-03-23,839188.994998436,590691.8495925543
2017-03-24,809921.4459158791,589889.863938205
2017-03-27,824148.9372125787,589485.0954217764
2017-03-28,831549.8739617667,589874.8827034466
2017-03-29,869953.7287176242,587881.2963714171
2017-03-30,918668.2365713716,587079.5082353345
2017-03-31,891190.8925051736,585483.1845309186
2017-04-05,891159.4195559146,593022.5374951184
2017-04-06,909748.8483865777,591029.052562027
2017-04-07,938556.3046556979,588638.2946432404
2017-04-10,933092.5729588992,589425.2138830588
2017-04-11,903650.5361834846,587034.7797880119
2017-04-12,878900.2388408198,588218.7646695042
2017-04-13,866317.1054222882,590991.5278609162
2017-04-14,836991.5351129813,584232.2599977156
2017-04-17,873548.8988330499,584621.9319902146
2017-04-18,892894.0064707912,584614.5082196497
2017-04-19,866367.831808212,578252.578300518
2017-04-20,839376.2395453877,578245.2354106349
2017-04-21,842190.5482911482,583798.0152137611
2017-04-24,804805.6708074748,584981.9201673025
2017-04-25,820134.1281881102,590534.3517666507
2017-04-26,845052.4819333514,592115.3178915984
2017-04-27,836462.7970210277,591710.667525054
2017-04-28,829634.9835129039,592100.2801377334
2017-05-02,819164.7994394517,597255.1771076648
2017-05-03,807670.807756166,600027.3666269109
2017-05-04,824488.9654621996,600814.0507332854
2017-05-05,818167.4753844981,596835.3185905912
2017-05-08,785410.5614510867,601195.8122873761
2017-05-09,789133.300448505,603173.6587680641
2017-05-10,820146.2260382167,605548.5055427465
2017-05-11,803463.1185061442,607526.2058488704
2017-05-12,803093.8477940266,605930.1671689237
2017-05-15,812568.6988889067,607510.7767098598
2017-05-16,792065.6747673888,607503.0622872984
2017-05-17,809484.3578122964,605907.0844080531
2017-05-18,824565.5831758148,602722.8631022885
2017-05-19,833336.2350963396,602318.1941487156
2017-05-22,837865.9019568432,603898.8701360973
2017-05-23,837065.4384069084,606273.1925877428
2017-05-24,836808.357697134,605868.6150939901
2017-05-25,838697.9164056939,611419.2180793198
2017-05-26,833478.986412737,611014.5043745529
2017-05-31,842546.7501662264,607433.6368923378
2017-06-01,872445.0841709031,610601.9256613884
2017-06-02,900519.4435057763,612976.2243385186
2017-06-05,887615.0463898423,619320.364557787
2017-06-06,901133.1390083914,618915.4543151382
2017-06-07,897872.1567100636,618907.5950712737
2017-06-08,900497.8829721856,621281.6268203246
2017-06-09,874866.796914669,619288.9076146464
2017-06-12,857470.043215059,612532.3757784496
2017-06-13,850386.0225526569,613318.679353333
2017-06-14,836203.3614908098,610135.1709880629
2017-06-15,841981.4695533832,610524.3933394448
2017-06-16,853200.6157430317,616867.798330423
2017-06-19,857510.8530010908,623608.1235329749
2017-06-20,846508.3272386468,630745.2728946212
2017-06-21,851857.1384176232,631531.1633036555
2017-06-22,849467.5160662511,633110.8425168255
2017-06-23,839782.3056167783,632705.9440844156
2017-06-26,844779.5841265528,646193.2888003165
2017-06-27,851607.7339843888,645391.2640844908
2017-06-28,846727.6390343157,639429.4403991177
2017-06-29,846820.2343720458,640215.0791258737
2017-06-30,846269.8302725032,638222.4570644323
2017-07-03,838800.3340164945,638611.2218057113
2017-07-04,828189.3462381534,635031.0117589928
2017-07-05,834166.6359502187,640976.2790326728
2017-07-06,831812.1129471913,638190.0400332932
2017-07-07,816069.1752247057,634609.9714132132
2017-07-10,814712.7848644868,637776.8668077734
2017-07-11,809338.8368785691,647293.7516446003
2017-07-12,819940.6635860289,647285.5320414049
2017-07-13,829960.6550673356,652436.4110859202
2017-07-14,828690.2567497739,651237.573871185
2017-07-17,823051.1903366863,652419.8413775103
2017-07-18,827113.6213780921,653998.8520201987
2017-07-19,831107.3332805366,656371.8039023156
2017-07-20,830299.5952002561,655966.4226606484
2017-07-21,822172.5652727641,651593.1060136473
2017-07-24,825240.1415899725,653172.046531573
2017-07-25,841128.7797574984,654354.1583169745
2017-07-26,847964.474110296,651965.0267721703
2017-07-27,843664.4803340598,658702.547812126
2017-07-28,830277.678729153,651551.7360734675
2017-07-31,830947.6376333337,651143.1749275518
2017-08-01,823643.7491318134,654736.8007708185
2017-08-02,826422.1861854078,660331.3172940109
2017-08-03,820747.3536281213,657921.6628200075
2017-08-04,828658.9150878852,659113.826551848
2017-08-07,829369.689332636,663907.8330659869
2017-08-08,829544.9926820939,663499.3072997353
2017-08-09,812353.1792981891,657488.1551033295
2017-08-10,797971.7186966517,653077.8595899697
2017-08-11,805908.1199002666,650268.521556741
2017-08-14,803825.5558199261,646258.6257175639
2017-08-15,808431.2038398645,650652.3193564921
2017-08-16,804771.8407250819,648242.981320723
2017-08-17,819883.6296756221,653436.6976665138
2017-08-18,823661.6960349734,649426.8839660223
2017-08-21,840473.5284285545,648618.4574564949
2017-08-22,839967.9378638847,655012.1444718816
2017-08-23,835493.539197275,654203.5864789289
2017-08-24,848064.0145089689,660597.2421854263
2017-08-25,856551.6997091825,661789.1028521665
2017-08-28,855990.3620895136,660580.4652191299
2017-08-29,864632.9646859893,658571.5371269669
2017-08-30,860860.1652637657,661763.8921588629
2017-08-31,860853.2838441436,663756.0990824375
2017-09-01,875748.0150685087,664147.6741836945
2017-09-04,857766.2296245375,662939.001930777
2017-09-05,876195.5035927552,663730.8134568956
2017-09-06,866914.0819824999,660921.8185755938
2017-09-07,846647.6098761897,658112.9757969014
2017-09-08,862471.7227542491,661705.0709426281
2017-09-11,852905.8867818463,660496.5867786163
2017-09-12,843326.52273215,662888.4938959877
2017-09-13,822775.7747639864,658479.5520225704
2017-09-14,833180.7052692751,658871.1484152072
2017-09-15,820782.1281473637,658862.7817974496
2017-09-18,819837.0018333148,665255.2390575618
2017-09-19,803231.5220346563,662046.3999108567
2017-09-20,784719.1239469636,657637.6672611233
2017-09-21,806570.4576523982,661629.4513470252
2017-09-22,784166.8432609886,652820.8239347134
2017-09-25,773927.0662773813,647612.6119476978
2017-09-26,760450.7145186889,642404.3299856292
2017-09-27,776738.6433967518,645596.1179605796
2017-09-28,782627.1791877088,643187.9104179387
2017-09-29,770487.3859478283,645179.7793718353
2017-10-02,795647.8871321282,651971.1713132864
2017-10-03,796373.2881108527,651962.8923142855
2017-10-05,793355.9085838748,654754.3475288635
2017-10-06,787836.8459256217,656745.8871706042
2017-10-11,781654.2665100694,667136.6481114298
2017-10-12,795308.8385924094,673527.5386679302
2017-10-13,794726.0136032281,672318.9818190561
2017-10-16,799830.7704854658,675910.0472709059
2017-10-17,773751.1509719235,674301.6745929127
2017-10-18,770305.1267010354,676692.7458888325
2017-10-19,779709.8727188174,679083.8371927624
2017-10-20,779344.6358938245,676275.7189095181
2017-10-23,787328.1416619847,675867.1334371584
2017-10-24,790151.2472141795,675058.6867266
2017-10-25,784602.5371360233,674650.046028973
2017-10-26,787509.3947034301,673841.8775990623
2017-10-27,754520.6074130791,674233.1771497235
2017-10-30,758112.6625417937,679423.2872622951
2017-10-31,769792.3175650155,681414.0923398735
2017-11-01,767807.4333408959,680605.6765484082
2017-11-02,758673.7422398737,678197.7756614939
2017-11-03,753360.0621572882,677389.4210234552
2017-11-06,749047.2260332105,678580.4179240252
2017-11-07,750404.5212273004,682170.632172837
2017-11-08,750876.7567649705,679362.8963818486
2017-11-09,737900.507259636,674955.8278249971
2017-11-10,744897.1019456683,676146.915936409
2017-11-13,745160.3391101845,674139.0045265667
2017-11-14,757106.7342523673,672931.0175792525
2017-11-15,761950.7517169834,666125.1487832919
2017-11-16,759836.4371554129,668515.7244979163
2017-11-17,772486.1192381417,674504.4220829845
2017-11-20,770669.2805359031,671697.2296179216
2017-11-21,789000.7064062607,677685.9365412723
2017-11-22,794087.2387559434,680875.8541906951
2017-11-23,800496.0376924579,681267.0083671343
2017-11-24,793708.0114191733,680858.5622153003
2017-11-27,781166.8214001001,672854.1150834842
2017-11-28,781450.8410332525,668447.8148076615
2017-11-29,780754.3443886416,669238.8055930581
2017-11-30,763581.4023692933,657636.7966861862
2017-12-01,739412.7367263762,660426.8340559463
2017-12-04,749191.5126245366,662817.1973980168
2017-12-05,723490.4411623016,657611.744173966
2017-12-06,710319.3903128074,646410.0646928017
2017-12-07,717310.5303860974,646801.8077807763
2017-12-08,732223.3891574868,646793.5944244871
2017-12-11,737583.4384468086,651582.171984291
2017-12-12,736089.8240463664,647176.902250091
2017-12-13,729063.890506221,647568.3324776667
2017-12-14,726039.814185432,653555.9300877482
2017-12-15,726796.6616194341,648351.2839971067
2017-12-18,734466.2040506683,649142.5192079972
2017-12-19,737461.8682414405,645936.6053604862
2017-12-20,751230.396179831,647926.962241096
2017-12-21,745412.6915594831,647518.9955043254
2017-12-22,740173.0345940813,649909.1367438361
2017-12-25,743166.3117736115,651099.8687663835
2017-12-26,725052.7014250647,644696.5845457561
2017-12-27,727173.9135091029,646686.8302832334
2017-12-28,760412.9193357666,653073.3106785837
2017-12-29,755727.2656069195,656662.112656229
2018-01-02,743208.3577703597,660250.7425953923
2018-01-03,746313.0299259974,666237.2702361014
2018-01-04,756724.5367147161,667427.7287383737
2018-01-05,758156.2657809141,669417.5739626811
2018-01-08,779125.0493956795,672206.654278279
2018-01-09,770409.4058103936,672597.8368971341
2018-01-10,773507.8394425812,669392.0726646443
2018-01-11,778031.4331940508,666586.2193375083
2018-01-12,789383.4702478361,672172.5110985733
2018-01-15,777568.3178731748,676559.808396596
2018-01-16,786699.7970977678,679348.70604301
2018-01-17,796639.307920275,680538.7398719746
2018-01-18,789486.3481960762,689721.1118849845
2018-01-19,814155.6267137853,696505.7481837305
2018-01-22,850190.7283027943,702890.296842562
2018-01-23,825118.4888270044,705678.3998121022
2018-01-24,825250.9463234032,696878.5546242235
2018-01-25,791522.7565691636,698867.5898705751
2018-01-26,779109.1619530307,699258.2871870728
2018-01-29,779222.7872720507,701298.8531900366
2018-01-30,772739.6277961892,693092.5123189265
2018-01-31,783450.915092567,693903.5815882845
2018-02-01,781486.1963144942,698812.961115457
2018-02-02,768406.8074357744,695935.1385977056
2018-02-05,766016.0583974106,685269.9261016959
2018-02-06,708045.4353187276,652883.518923506
2018-02-07,721453.8849756469,661072.2815682833
2018-02-08,721298.3344693041,660653.821487133
2018-02-09,710098.8915902572,647940.9119527054
2018-02-12,707246.1448595349,653260.1700381401
2018-02-21,726954.5175310266,668005.5545506256
2018-02-22,729636.1588159654,663898.8863003402
2018-02-23,733699.773482902,672086.5211470877
2018-02-26,736798.6343252006,675356.4842649924
2018-02-27,730716.0949644132,674937.9196230825
2018-03-01,732862.8659048832,670012.0909412488
2018-03-02,723904.4797167829,665086.1449947736
2018-03-05,708300.0892886517,661799.3280546688
2018-03-06,715817.4591969401,673264.6948918209
2018-03-07,723999.6264152299,670387.8603874978
2018-03-08,726249.8915142098,678164.9054230071
2018-03-09,728305.7244566467,678975.875306384
2018-03-12,724044.5427068041,689620.9508971332
2018-03-13,729668.1364214106,696168.2755739158
2018-03-14,719105.8841946436,690832.6815007858
2018-03-15,726430.4801197823,690414.0583432061
2018-03-16,730728.340076184,687537.2610181523
2018-03-19,727935.5485841172,687118.6093752279
2018-03-20,724235.9302883531,686700.2912129358
2018-03-21,729275.0036273544,687101.1588546763
2018-03-22,719032.3759183597,684634.1317174607
2018-03-23,703753.8643221064,672743.7417976758
2018-03-26,701952.5461959972,673554.7467829362
2018-03-27,710876.8745898514,683379.0272856756
2018-03-28,698012.8981376123,673947.363847016
2018-03-29,694538.0287499467,672709.571337854
2018-03-30,699776.5846614598,678846.5580634852
2018-04-02,711465.318339278,673921.6899877465
2018-04-03,709866.2327464202,667768.0821766106
2018-04-09,702123.4005723473,673494.8775306606
2018-04-10,715287.4670882481,675944.355474122
2018-04-11,709619.3009435285,678803.4577893431
2018-04-12,709199.4075091466,675927.1887423437
2018-04-13,726475.6479216266,675918.6055399469
2018-04-16,734116.6747417201,674271.3381169013
2018-04-17,731263.1989419828,666889.5165979629
2018-04-18,751786.8401870711,668519.4083475778
2018-04-19,777800.9852907471,677113.199888405
2018-04-20,745272.7309334017,661538.8598402948
2018-04-23,763432.3815449211,654976.6225009421
2018-04-24,734646.912174264,651691.5899606288
2018-04-25,737146.9807856691,649635.2218851061
2018-04-26,729817.9115696991,647578.9866448853
2018-04-27,756635.7684081737,648799.4344300146
2018-04-30,761594.4556404448,655344.5760903169
2018-05-02,776934.9782281052,650421.2914691286
2018-05-03,789651.6345425654,643450.3709632946
2018-05-04,791268.8104692579,646718.6646443134
2018-05-07,821980.7676886331,651215.6296368046
2018-05-08,802294.982843267,655302.9679676101
2018-05-09,818194.2041912652,658980.7355928618
2018-05-10,837429.3605845824,660610.7385543394
2018-05-11,838384.5320938238,668383.5951171304
2018-05-14,873838.7593354749,675746.9643787107
2018-05-15,910965.0593926797,668776.187454955
2018-05-16,929900.266373699,669586.8187602436
2018-05-17,888358.1876199262,665073.4753747243
2018-05-18,883154.2631662271,663017.3131013802
2018-05-21,924350.5293304208,672018.3867589582
2018-05-22,958137.3917434989,669552.8086490138
2018-05-23,916474.8789366204,666268.3020504955
2018-05-24,933785.3270183615,667897.9237405334
2018-05-25,961286.4587295129,670346.0303136656
2018-05-28,1007787.7495845228,673204.1597067022
2018-05-29,997293.6088531004,670329.0057606713
2018-05-30,1016097.6382155635,658445.7571095002
2018-05-31,1024605.0848480924,661303.686341393
2018-06-01,1005031.7901193993,666209.080457523
2018-06-04,1013694.1898965375,676437.1295702177
2018-06-05,989787.4139762803,675609.6828322795
2018-06-06,1032904.2766521182,682152.4014191121
2018-06-07,1066748.9918715847,683372.0137335545
2018-06-08,1051265.7057096153,675993.3787514543
2018-06-11,1055593.8935400588,676803.731201802
2018-06-12,1042880.6295384163,675566.7880688057
2018-06-13,1032227.3774491459,679652.5055331904
2018-06-14,1010411.5030693202,669408.2849472562
2018-06-15,1034420.2586572678,671037.453300181
2018-06-19,1005644.1578502052,659974.6368846977
2018-06-20,954505.8824117883,667335.7601074049
2018-06-21,948181.0633602133,665280.2477626782
2018-06-22,905075.210800092,664453.0271313329
2018-06-25,905324.1061283803,662397.6840548597
2018-06-26,943585.7996317551,660751.6883143322
2018-06-27,958052.8104750577,658286.9121606739
2018-06-28,976298.4485110187,655412.9539843458
2018-06-29,1009870.6259849143,666867.0833109084
2018-07-02,1028426.4857429598,663583.7338329294
2018-07-03,1020731.6933707967,664393.9668899841
2018-07-04,1026446.6703019899,666432.3747791934
2018-07-05,1003399.9793191234,661102.1755988393
2018-07-06,1000181.6204869881,662731.1179766033
2018-07-09,999655.8384253515,673365.6631368921
2018-07-10,1016224.03168824,674994.6098621984
2018-07-11,1014343.6080325227,668845.9751152403
2018-07-12,1031139.6775158625,676614.6810816291
2018-07-13,1032763.2765251418,682336.3252869245
2018-07-16,1008316.3059199925,679462.6596710545
2018-07-17,1012371.9067474699,675770.2290585393
2018-07-18,1010413.5892332527,679854.8173214168
2018-07-19,1007122.8026511446,681892.5816805817
2018-07-20,986781.290459671,692934.9899269721
2018-07-23,1011717.8732970209,697878.4887271852
2018-07-24,1023757.439517837,699107.8065292141
2018-07-25,1011692.1916497727,699511.4621253234
2018-07-26,1020293.5900050554,701566.0255314865
2018-07-27,1028087.2112772011,707334.6924454973
2018-07-30,1003738.8434908758,706087.6742056073
2018-07-31,985091.4976677673,706078.7080129188
2018-08-01,972524.7670292628,711021.922307371
2018-08-02,950482.5281138113,700283.493738744
2018-08-03,948689.9383699258,706051.8101179865
2018-08-06,950960.276530209,707280.8019892871
2018-08-07,964509.0623278604,705621.3121035624
2018-08-08,950072.925090697,710976.7792048415
2018-08-09,946832.0633200842,710967.7509282801
2018-08-10,936018.3076902721,707244.8772995047
2018-08-13,913574.7080409173,692794.2165428387
2018-08-14,936691.6304972109,697736.7110452955
2018-08-15,933295.3812769565,691125.9165425004
2018-08-16,953725.9932642677,691529.7509581818
2018-08-17,952040.3924526599,690283.3953958258
2018-08-20,943508.8601569678,692750.2307255691
2018-08-21,959962.6739392534,697692.4114268208
2018-08-22,959362.2979944947,698508.6505298724
2018-08-23,963979.7745427168,701800.5365765886
2018-08-24,971002.6678968432,699728.809543885
2018-08-27,991068.8153881083,705908.3719829108
2018-08-28,993799.689475002,711675.3699183122
2018-08-29,1000237.0036281697,719917.4408125118
2018-08-30,997105.1752801845,722383.7289835047
2018-08-31,1001895.3515265586,717423.839389316
2018-09-03,964390.3169192674,713289.3323864135
2018-09-04,968893.658296205,717818.2423484506
2018-09-05,949151.2048171009,717809.1271961669
2018-09-06,948787.6423007088,713674.6918368001
2018-09-07,932609.3804330085,712840.6563323454
2018-09-10,946660.6336439555,709531.5125625913
2018-09-11,961820.952578219,706634.8884197858
2018-09-12,955691.6045553029,705800.8125051911
2018-09-13,953013.2802190988,700841.8604847135
2018-09-14,960316.5849164107,713620.3183483519
2018-09-17,967320.6849506986,708248.8973816159
2018-09-18,965265.5958287335,704527.5732213682
2018-09-19,965107.3120947203,710705.9807725704
2018-09-20,949911.4800408055,708634.4770737732
2018-09-21,967432.2341634596,716462.4117680633
2018-09-25,963765.07051636,718515.6597059222
2018-09-26,960684.0678823101,716856.679949763
2018-09-27,961239.967867936,720559.7859071388
2018-09-28,961328.8671139164,716838.4741814206
2018-10-01,967902.6659028805,720541.486092258
2018-10-02,953240.6764421207,709808.8187024215
2018-10-03,946160.9526805526,708974.8491567811
2018-10-04,931891.6223581708,700304.844147499
2018-10-05,902232.1541760619,688335.5604160208
2018-10-08,895538.7908499266,684615.1019060202
2018-10-09,901315.5437937374,686668.5729813187
2018-10-11,848607.334709207,638408.0228286729
2018-10-12,884815.8537360406,660257.1692858957
2018-10-15,870488.351087084,653238.2486232754
2018-10-16,876486.7131693789,654054.6646468127
2018-10-17,872536.460901985,654871.301607433
2018-10-18,891438.4320094455,652800.8171108124
2018-10-19,879351.4784537744,654029.7485950327
2018-10-22,894168.3865780551,653196.7742322496
2018-10-23,884093.5087137206,641229.7592502018
2018-10-24,890470.1867138149,638335.0656176195
2018-10-25,877975.595698717,622657.3102957681
2018-10-26,883540.8493631945,621824.7359077659
2018-10-29,889257.4741931339,624703.3613747329
2018-10-30,899614.1479982845,626344.8025860888
2018-10-31,924368.872470205,639531.6730654668
2018-11-01,922779.4871915551,646533.011847219
2018-11-02,926886.6285625203,648586.4005141658
2018-11-05,923761.3721535011,645279.6244332141
2018-11-06,917921.9764592375,643209.8438650414
2018-11-07,938020.800431533,646500.1727007027
2018-11-08,938786.5720181062,650202.6441296032
2018-11-09,929179.8744462617,641536.1748270288
2018-11-12,936282.3046022498,643177.173511144
2018-11-13,932758.774980697,635747.7255550544
2018-11-14,944244.5571744037,637801.1626127838
2018-11-15,939584.2492074178,639854.5071318289
2018-11-16,939835.5461525479,634486.7209148043
2018-11-19,941224.6165775098,632417.4338503921
2018-11-20,937720.3903056574,626637.6535202814
2018-11-21,931798.7151066647,626629.6962167447
2018-11-22,911413.5667681368,623323.90456182
2018-11-23,909212.2948638835,621254.8236605455
2018-11-26,911530.7589860247,627842.5569527027
2018-11-27,919459.325595975,627010.147072921
2018-11-28,935097.9904490418,634010.034441751
2018-11-29,936993.866130647,635238.7892887958
2018-11-30,939861.7509824015,632757.4648772816
2018-12-03,958573.6435520499,649650.2807382683
2018-12-04,953966.1111600569,645107.5717156793
2018-12-05,948185.7683915287,631908.7440041262
2018-12-06,935142.2646227564,619122.6951997017
2018-12-07,934800.9740834256,622000.0908081764
2018-12-10,928724.4740040126,613748.439588122
2018-12-11,936532.0423250194,618686.8831627365
2018-12-12,940115.5541052825,628159.1541384716
2018-12-13,952515.1393865293,628975.569720728
2018-12-14,952047.5993434966,621136.4999264407
2018-12-17,951806.5112025202,626074.4373552158
2018-12-18,951344.2214832102,620708.3634993475
2018-12-19,942985.3092731743,625646.3821228835
2018-12-20,941484.7924527307,618631.8908681019
2018-12-21,932854.624766201,619860.4286412123
2018-12-24,926795.6590207812,615731.2849206969
2018-12-25,915420.8024623254,607892.8377511358
2018-12-26,905111.4064740358,606236.7641103987
2018-12-27,916665.1097386179,618592.6136503377
2018-12-28,926067.6923176578,622293.703257018
2019-01-02,913383.028373624,610334.8012923851
2019-01-03,921793.2552231096,604557.5400021272
2019-01-04,917885.1357636463,595071.5413419108
2019-01-07,929392.9571199801,609487.1947422922
2019-01-08,942009.4288100643,607007.1837116339
2019-01-09,946148.9900713447,618125.502471423
2019-01-10,952917.690540646,616469.4067339677
2019-01-11,950025.6021230232,622230.4889284885
2019-01-14,949775.4736912409,618101.9551322499
2019-01-15,983372.2979911916,623450.924812171
2019-01-16,990239.7719903117,622619.0070999155
2019-01-17,951499.7141996927,622611.1008268094
2019-01-18,961049.3700895691,625899.5573388054
2019-01-21,957950.6952152789,630424.0253798651
2019-01-22,946330.4909769117,629141.651514538
2019-01-23,949817.023147234,626159.9992520291
2019-01-24,960086.0524042962,629125.6734153135
2019-01-25,969305.0593599359,637188.6324160733
2019-01-28,958901.6733303582,638455.0461832242
2019-01-29,960697.1213793478,632924.8515544209
2019-01-30,973996.4198103923,631642.3417302534
2019-02-11,975514.1135409118,638430.7243950773
2019-02-12,1005621.1198638522,642670.1746963172
2019-02-13,984381.2631898293,641387.62993
2019-02-14,984130.3446301182,639255.8209681661
2019-02-15,980799.0872326224,637548.6888558354
2019-02-18,976054.2002940584,642637.5317536648
2019-02-19,979004.286147793,641355.0521312379
2019-02-20,977897.4721694603,648567.5152676865
2019-02-21,986032.8173436406,654930.0693344917
2019-02-22,986334.9562537414,653647.6431759578
2019-02-25,996473.3235671888,658311.2468156053
2019-02-26,995877.0848961908,660001.7508680405
2019-02-27,993666.777162107,659568.6292074488
2019-03-04,990601.1514111536,653614.4426582257
2019-03-05,995639.8018335837,651907.424452001
2019-03-06,992447.9175036084,653597.8430317437
2019-03-07,986881.9515667537,651041.3897034645
2019-03-08,985210.3309726472,645512.2869097524
2019-03-11,996455.914380541,646778.1344075945
2019-03-12,992648.463529321,656112.7016453355
2019-03-13,1003663.8949648618,654830.2774365678
2019-03-14,1010248.7756904203,654397.4309750067
2019-03-15,1019814.9732713259,659060.3534811267
2019-03-18,1044763.7390479188,663298.3151112989
2019-03-19,1044957.2964137676,665837.7871001296
2019-03-20,1049175.5297905118,666678.6731679124
2019-03-21,1048603.3931692205,672190.3315978635
2019-03-22,1041982.1972397267,673880.3545193771
2019-03-25,1036217.992935559,663680.8161558175
2019-03-26,1050572.7367523143,667918.5163241484
2019-03-27,1053559.293055826,666636.3454382704
2019-03-28,1047257.5693829501,666627.8802148362
2019-03-29,1065322.5717705595,672139.1187222379
2019-04-01,1061998.1675220844,678074.8848317773
2019-04-02,1088736.8810140719,680613.8456579152
2019-04-03,1083081.505914828,680605.2029424148
2019-04-08,1101187.9022650286,686965.1658797584
2019-04-09,1137283.8782710086,691202.2597584265
2019-04-10,1133547.3469863294,692042.3616287524
2019-04-11,1121409.2743687453,689061.7301035937
2019-04-12,1117169.041083076,688628.4708960977
2019-04-15,1115848.985902363,694987.9276050354
2019-04-16,1130502.6598368664,697101.91643683
2019-04-17,1146875.5709227694,702612.0372513811
2019-04-18,1152676.467210996,702178.7080100487
2019-04-19,1140642.8731030463,703018.7559850072
2019-04-22,1132860.001879042,702160.87501323
2019-04-23,1132137.898948451,705123.4200136131
2019-04-24,1136214.6942971246,706387.9448162572
2019-04-25,1150399.894540917,708077.0590276505
2019-04-26,1131555.8719304465,700002.5314788643
2019-04-29,1160784.0152559024,702965.1943516122
2019-04-30,1181811.0701989164,702956.2678094616
2019-05-02,1173958.552919845,704645.258885055
2019-05-03,1204302.4342892868,711003.4610276904
2019-05-06,1193781.9947102952,698684.8029057463
2019-05-07,1217122.9916692993,705891.6845249975
2019-05-08,1209520.2013785194,700789.2270332526
2019-05-09,1162408.9897407745,692291.1991509311
2019-05-10,1160587.209928958,691857.8404313381
2019-05-13,1116360.5323223695,680389.17071963
2019-05-14,1134966.9021688267,676136.0073856998
2019-05-15,1139442.254553975,676976.4441713074
2019-05-16,1121962.8485314313,671025.7702882757
2019-05-17,1087898.1570065303,664226.4072492975
2019-05-20,1092851.3691792386,663793.3165797985
2019-05-21,1131314.040509083,665482.7660402661
2019-05-22,1127353.7138055828,665474.3154654593
2019-05-23,1103068.0482139695,653158.1065082572
2019-05-24,1073870.517108995,656545.0380101708
2019-05-27,1072965.2392490203,654839.2303683008
2019-05-28,1082143.959566879,654406.3314767712
2019-05-29,1076027.2129536625,651427.4631819805
2019-05-30,1068437.5766300617,656936.1423527609
2019-05-31,1098192.375147081,665839.4099809388
2019-06-03,1093094.3083607568,666679.756931628
2019-06-04,1086858.5967531514,662427.7369720927
2019-06-05,1097666.7319427177,664541.2362162841
2019-06-06,1069902.7674717,659440.4608099996
2019-06-10,1093959.8169386748,670889.4478772307
2019-06-11,1096285.0508431762,673851.4667835212
2019-06-12,1090891.190582493,676388.7601446137
2019-06-13,1084252.4211964803,670863.890508519
2019-06-14,1085702.2685696185,669582.3782877786
2019-06-17,1090491.3406232726,667876.5861939251
2019-06-18,1094032.5491170576,669565.3731289982
2019-06-19,1129444.7161477865,685256.2687985844
2019-06-20,1122350.189103915,686096.2398537545
2019-06-21,1118257.011519016,686087.52752055
2019-06-24,1129700.297164037,689048.7726856559
2019-06-25,1106246.0228546362,685221.4627939414
2019-06-26,1096095.3428709581,681818.5648004941
2019-06-27,1120417.7487757336,691567.9779475176
2019-06-28,1109180.079743472,686468.1107025909
2019-07-01,1134720.293659584,701308.7202890329
2019-07-02,1141872.9930537094,699602.6417584029
2019-07-03,1124238.0593422274,691532.8513542307
2019-07-04,1125458.502254897,695766.7339511277
2019-07-05,1124191.953063367,694909.5054660205
2019-07-08,1121870.178360437,692355.0509896838
2019-07-09,1117081.1349234562,691497.7265451176
2019-07-10,1135891.4012878851,697428.1965704076
2019-07-11,1133010.687218264,702934.3407391806
2019-07-12,1126014.0640459831,702076.9142790692
2019-07-15,1127593.4818319255,705885.7998732976
2019-07-16,1122480.840451544,707149.3935665385
2019-07-17,1120505.1726257582,702474.4028246569
2019-07-18,1102205.9002082092,701617.1861171176
2019-07-19,1113214.113684159,710164.3026095775
2019-07-22,1098518.6417742656,713577.7319630175
2019-07-23,1093711.226263716,715279.9931913472
2019-07-24,1069755.3353247456,714843.0046671956
2019-07-25,1065204.4199584273,716972.7849280223
2019-07-26,1068031.1737778252,712258.2856332731
2019-07-29,1073009.703613778,713960.1550934357
2019-07-30,1049663.013323137,711812.2323806041
2019-07-31,1050552.4859000198,708381.2111843302
2019-08-01,1060124.2763482975,704094.5310057104
2019-08-02,1024834.7840967488,692536.3012042381
2019-08-05,1025366.7118179931,685683.4816101019
2019-08-06,1023415.8273323681,685246.9982096513
2019-08-07,1014114.432763039,681816.2904340405
2019-08-08,1042797.7995950788,689934.6131519661
2019-08-12,1045673.027968569,689498.0920649262
2019-08-13,1021607.5743352027,681790.3168099456
2019-08-14,1019439.6114782357,686914.407775452
2019-08-15,1006294.6096849589,679206.8608585792
2019-08-16,1012682.1959200973,687324.700726448
2019-08-19,1015119.6692615415,691165.2469357303
2019-08-20,1019693.1099342026,692867.2191541498
2019-08-21,1011367.0344832789,693713.7844383416
2019-08-22,1016322.140008851,691994.1895190201
2019-08-23,1019371.8153324598,692840.82454764
2019-08-26,990483.7692278177,681284.6961773043
2019-08-27,994475.2636238288,682986.7656264921
2019-08-28,1006798.8909937624,687682.4144453199
2019-08-29,1016879.3264970502,688956.8305586994
2019-08-30,1035945.5185467298,700066.9810463784
2019-09-02,1050709.3736935742,700485.7698486681
2019-09-03,1037303.5032716356,694489.8531116442
2019-09-04,1076900.6180612205,702605.9967532323
2019-09-05,1092226.9718258618,709866.7704047727
2019-09-06,1097604.2988048252,714134.1636684445
2019-09-10,1056793.9379790118,713269.7121511638
2019-09-11,1056939.7115194618,713688.2203462565
2019-09-12,1067473.3570128805,717527.8420160303
2019-09-16,1061179.8399260202,721794.6796837529
2019-09-17,1062411.4418795821,720502.705403437
2019-09-18,1085898.7233884658,726479.8132806775
2019-09-19,1083008.2967412118,722194.6411703024
2019-09-20,1084734.3346608095,724323.3765991009
2019-09-23,1104901.3176870071,722603.9881440877
2019-09-24,1098471.5619720393,723877.5394079199
2019-09-25,1088334.7412464027,719165.3418838672
2019-09-26,1084701.5397112593,720866.1744555798
2019-09-27,1066235.3310329546,723422.3772440245
2019-10-01,1090666.2110580925,734956.8278082387
2019-10-02,1096060.1683430932,732382.364242407
2019-10-03,1095408.8571365022,725105.0180433328
2019-10-04,1097336.0480869396,728088.440504117
2019-10-07,1123605.3217452937,730644.3887055963
2019-10-08,1129693.4687655352,739613.0945122989
2019-10-09,1128096.4662708708,733618.4292665917
2019-10-14,1162544.9608126883,748572.146976868
2019-10-15,1171546.062177066,749845.0926877
2019-10-16,1177900.3140179082,753255.6656155058
2019-10-17,1169898.3639841937,753673.5466214896
2019-10-18,1170725.5045806745,751954.1329001308
2019-10-21,1190430.238607021,751089.5529830846
2019-10-22,1186168.997851454,758347.0462888447
2019-10-23,1186041.0275453706,756199.9728825389
2019-10-24,1207055.5472133395,759182.9462083738
2019-10-25,1194033.0651872659,759173.3057900093
2019-10-28,1200456.223421151,762583.1718219168
2019-10-29,1184976.0170738408,764710.7429232714
2019-10-30,1199441.3745700885,768120.6124701432
2019-10-31,1203569.080769593,770247.8983020117
2019-11-01,1203104.6645218567,770238.1173763189
2019-11-04,1216773.325382855,788180.4284210576
2019-11-05,1223575.1974467998,794154.4011863358
2019-11-06,1215886.0010800338,797991.049907934
2019-11-07,1199443.21224763,793706.8675675135
2019-11-08,1207081.2498866464,791132.3918418877
2019-11-11,1171173.5597936183,779154.9104602645
2019-11-12,1194976.7035327626,786410.9042931711
2019-11-13,1184717.9356541205,781699.6627257912
2019-11-14,1184402.1610670872,781262.318441615
2019-11-15,1179932.6185925133,788945.019605301
2019-11-18,1182999.5451366715,794063.6452932634
2019-11-19,1184425.9602589032,800036.7835237909
2019-11-20,1175083.6756655648,797034.8507196987
2019-11-21,1167745.9137983094,790614.5101799557
2019-11-22,1146605.244273943,791031.9363262294
2019-11-25,1164576.3833262434,791449.1107852804
2019-11-26,1165454.3153208676,793575.8529241197
2019-11-27,1177381.5191800226,796556.957841021
2019-11-28,1163573.8568197102,794410.3457624087
2019-11-29,1144787.468789743,782007.6721996008
2019-12-02,1158085.3443228984,786698.301633863
2019-12-03,1163914.8636770216,786688.3118141597
2019-12-04,1164248.7951034894,783687.2496498812
2019-12-05,1176983.6270494726,793932.5717577164
2019-12-06,1181810.9709600734,795204.5637057232
2019-12-09,1201873.7385155368,800321.8118725411
2019-12-10,1189261.1521565998,794756.8872917014
2019-12-11,1192678.1909995512,801155.875102511
2019-12-12,1191443.5465473225,819091.4919751358
2019-12-13,1193610.933070127,828053.9121646893
2019-12-16,1209295.1753614997,827616.0183406689
2019-12-17,1222362.4647344323,838714.1665042911
2019-12-18,1224606.0813610503,839131.0447696625
2019-12-19,1210442.6434411975,834420.6053532213
2019-12-20,1213086.2157991957,828428.5351941235
2019-12-23,1199279.4400246735,830127.1011472844
2019-12-24,1226099.8717788716,830543.6652491145
2019-12-25,1234448.5348688113,831814.7397754397
2019-12-26,1234804.5280719765,831804.1770485854
2019-12-27,1255110.3233282627,837347.5396083624
2019-12-30,1288785.8565564859,835628.170335715
2019-12-31,1292856.6440763455,828354.8999073072
2020-01-02,1301248.515511403,834325.2478419822
2020-01-03,1299736.0903499415,834314.6532356604
2020-01-06,1284719.620889158,823624.1362929045
2020-01-07,1264423.5087649517,821050.8563076741
2020-01-08,1289316.0715112616,817195.6048787006
2020-01-09,1309778.6835299218,828291.7891565739
2020-01-10,1301540.459047295,831271.516836733
2020-01-13,1319617.923220637,837241.2158378481
2020-01-14,1329194.387737121,842356.4632926079
2020-01-15,1306689.050591899,833802.7968932465
2020-01-16,1331367.254591608,831229.2943258387
2020-01-17,1333681.8243170157,831218.7390332122
2020-01-20,1355987.1025190873,834625.2095095429
2020-01-30,1234964.9053008773,787202.9789733724
2020-01-31,1263641.6147297816,793367.0582622237
2020-02-03,1306465.7524423148,785419.0677442966
2020-02-04,1338707.0824705646,799079.874045533
2020-02-05,1337850.3014517892,801274.7101072726
2020-02-06,1379938.4323731922,814052.9216127482
2020-02-07,1347922.3771146494,804341.1620274408
2020-02-10,1357145.0586247817,802566.9807209058
2020-02-11,1377817.4496583096,809171.4027264179
2020-02-12,1393701.4868563344,817098.2577144288
2020-02-13,1370169.1476122849,818410.8672543629
2020-02-14,1383340.7973046957,819723.3630589459
2020-02-17,1347753.2885345044,813980.564109572
2020-02-18,1333220.8995114502,802946.8932977566
2020-02-19,1359421.588734637,812196.2415880299
2020-02-20,1361686.3703218508,808658.4317248043
2020-02-21,1359814.964213832,804679.8303104216
2020-02-24,1344639.3931028973,794528.6691109422
2020-02-25,1344235.8569090618,796723.171001117
2020-02-26,1279998.0489698807,788776.8512736884
2020-02-27,1220487.7774809548,781712.3707223514
2020-03-02,1213424.123080094,770239.2156542616
2020-03-03,1220186.718321612,781251.6701563699
2020-03-04,1233830.4126936654,786532.2557530054
2020-03-05,1247040.3077958168,795339.8002517587
2020-03-06,1216347.6285263877,779017.5936321976
2020-03-09,1174525.4087499813,756964.4306602111
2020-03-10,1196909.528312864,760922.5166265827
2020-03-11,1156961.4698565092,752095.6895244654
2020-03-12,1082864.2582037633,724312.7162279307
2020-03-13,1031945.5815140753,714164.2494961306
2020-03-16,979155.9878626466,681533.2916919818
2020-03-17,946248.0187544728,659923.7976288121
2020-03-18,913611.2604965006,641841.8231883169
2020-03-19,829994.2653255023,604363.9995640262
2020-03-20,894138.5509753342,652404.8024559371
2020-03-23,876209.2190241881,624184.8345380935
2020-03-24,916340.6599322758,654592.4934552822
2020-03-25,959694.2306115174,677505.4889926334
2020-03-26,972592.973755473,680582.5545969922
2020-03-27,963587.1109142571,675284.4677496754
2020-03-30,953286.0315598352,668664.1710067982
2020-03-31,939949.2649469511,671300.3752486003
2020-04-01,957610.5341189721,669088.0396547115
2020-04-06,989114.5211673717,679216.9297868515
2020-04-07,1012304.4217445236,691990.3576179129
2020-04-08,1059852.1249006889,701678.066357498
2020-04-09,1044172.8030187534,698584.041454388
2020-04-10,1050180.8689099583,699015.8726987581
2020-04-13,1032207.2972920297,694599.6295967897
2020-04-14,1053886.371617619,713542.2855944047
2020-04-15,1084600.923507572,715736.8120153863
2020-04-16,1080578.2539424936,712201.9642440582
2020-04-17,1067846.3464531528,733787.8802522195
2020-04-20,1089235.5417265955,731574.8985332727
2020-04-21,1039941.6880249548,710411.9404940499
2020-04-22,1074518.8533310853,710402.9193900437
2020-04-23,1070250.9922215324,713038.0497989961
2020-04-24,1067446.2921965963,713028.99534757
2020-04-27,1110437.8930980617,727562.5246907648
2020-04-28,1100488.409193574,727553.2858015624
2020-04-29,1107828.8007540875,737679.3255685136
2020-04-30,1137265.6119031156,753533.6989012143
2020-05-04,1110903.6868452516,731491.2942200982
2020-05-05,1106152.9250357612,735007.3074841396
2020-05-06,1102619.886623136,735879.1881116014
2020-05-07,1115327.804637959,738954.2140593431
2020-05-08,1115810.4125221292,743351.2701447447
2020-05-11,1138999.8456048686,749510.7358264386
2020-05-12,1130276.285362739,740688.6429939574
2020-05-13,1135097.6262447892,742882.3733082584
2020-05-14,1107964.608746792,734060.6686618192
2020-05-15,1101152.816571002,738897.9145732026
2020-05-18,1083264.1650940096,732720.1787548217
2020-05-19,1114837.2114367145,739319.8661118711
2020-05-20,1126410.398327695,738429.2153587657
2020-05-21,1130857.864461125,744588.0366869221
2020-05-22,1105768.6134353501,730920.7221651367
2020-05-25,1112756.1044544019,735757.7188975238
2020-05-26,1122083.4738677207,744119.1430854525
2020-05-27,1119908.1206362443,743228.5675380847
2020-05-28,1116276.029522426,738813.4733864181
2020-05-29,1116483.8680805485,744090.7960494907
2020-06-01,1149663.2876228946,748046.1448072292
2020-06-02,1144642.8072933226,751561.0526441393
2020-06-03,1184272.0926117457,764767.646287989
2020-06-04,1194060.177135979,771806.3290343838
2020-06-05,1201645.7644514395,778404.5093243783
2020-06-08,1204379.877457559,788526.4289824476
2020-06-09,1196204.37330581,789397.3614807585
2020-06-10,1242777.5752845109,796876.0811958669
2020-06-11,1217770.6160050733,784531.9153012895
2020-06-12,1229245.726019867,777474.0959131217
2020-06-15,1199853.2558320414,766451.9210006616
2020-06-16,1246535.9262840687,783180.6141667226
2020-06-17,1227325.714352768,784051.5474308678
2020-06-18,1257948.4577685548,783160.723991698
2020-06-19,1253874.0193378576,782710.2708920325
2020-06-22,1268253.2973113528,784462.1817876
2020-06-23,1270946.8059512423,787975.9559427252
2020-06-24,1309635.5921466749,792810.7141101676
2020-06-29,1282817.2637718776,784872.783720479
2020-06-30,1286171.9005079698,791909.8594200272
2020-07-01,1309849.543184125,797184.9378869168
2020-07-02,1345544.1025356334,805983.3941119589
2020-07-03,1337949.225065735,815222.1703808556
2020-07-06,1406553.7183639691,829304.9466409404
2020-07-07,1398658.7573160017,832377.4213157094
2020-07-08,1427622.8628807608,838092.0970274115
2020-07-09,1438121.8248085342,840723.7804047461
2020-07-10,1402680.2139702707,833666.8582339782
2020-07-13,1441026.1210464886,845987.106577288
2020-07-14,1435813.1976655035,851260.9745288857
2020-07-15,1413596.9560222637,854773.1137280352
2020-07-16,1403061.8389037591,846395.4523488147
2020-07-17,1387416.9436191681,856072.5477553833
2020-07-20,1392314.0773467328,854740.5513562441
2020-07-21,1427941.9572847576,875576.7808968398
2020-07-22,1412152.8679340752,877783.4875809004
2020-07-23,1406608.9553974913,876885.0780578583
2020-07-24,1350953.6405724785,873769.4033547388
2020-07-27,1373777.2658050559,916337.356955601
2020-07-28,1347136.8202674713,918986.9277971216
2020-07-29,1369677.3007281446,909661.1924243339
2020-07-30,1371532.3447940447,922955.2574470786
2020-07-31,1373188.251937979,920725.9093934443
2020-08-03,1357731.8909293627,904747.947726886
2020-08-04,1396951.1400374272,916267.5429923723
2020-08-05,1400349.7684838467,925125.8414315506
2020-08-06,1396053.3274949929,934870.664418018
2020-08-07,1366043.6894522896,928206.6520635934
2020-08-10,1347361.320146348,936620.8569877127
2020-08-11,1319132.7944261464,929513.3929744937
2020-08-12,1297787.1432112684,915754.221748036
2020-08-13,1318197.7735310013,924611.7707803634
2020-08-14,1349605.302697768,926817.295936734
2020-08-17,1341341.7873709393,936561.3905070715
2020-08-18,1304622.3912393167,931228.177763254
2020-08-19,1305462.8876633951,924564.807267511
2020-08-20,1232212.7223892678,892182.5595474703
2020-08-21,1281351.465404238,911681.9665498532
2020-08-24,1317519.1867850753,914331.0346469396
2020-08-25,1307865.2775458612,921414.0134017594
2020-08-26,1310843.6376144672,924949.6426482074
2020-08-27,1345837.7765336325,927154.8299931244
2020-08-28,1343693.8286743853,917831.6727097514
2020-08-31,1312982.6278364947,902744.7611437577
2020-09-01,1334890.8892702307,916478.0615672524
2020-09-02,1364263.0223312576,913362.8274872826
2020-09-03,1399258.5712900138,916011.6039643685
2020-09-04,1395834.4992400364,909349.3600670679
2020-09-07,1373446.3766526482,908007.7393132296
2020-09-08,1365981.9381360635,913316.4353384444
2020-09-09,1376204.030635831,907097.8789945024
2020-09-10,1376118.026513371,915066.7374061749
2020-09-11,1367380.390831409,915498.4261049433
2020-09-14,1358959.3003475922,927013.5591239332
2020-09-15,1373266.3644281798,930548.4065618872
2020-09-16,1362050.38505083,944722.8860832754
2020-09-17,1360008.479459113,934514.5887799589
2020-09-18,1373193.2371986096,933616.1610320698
2020-09-21,1364094.7279536673,926067.9927474482
2020-09-22,1354718.1775822402,914087.2439966837
2020-09-23,1362497.576229817,912745.6856302471
2020-09-24,1307870.80788814,890569.4361228237
2020-09-25,1293217.6043090294,892331.216630885
2020-09-28,1305662.4720830454,906948.1472610425
2020-09-29,1303347.7918980103,909153.0760189537
2020-09-30,1318784.769011033,913130.8903057122
2020-10-05,1324924.0656924443,913562.5247827539
2020-10-06,1338759.3170087177,924189.1850290175
2020-10-07,1374287.779108169,929053.1735787175
2020-10-08,1398458.7160071344,941452.2185628052
2020-10-12,1420427.2885686161,948975.5082475047
2020-10-13,1436642.9624156435,949406.5793124265
2020-10-14,1468222.1645508257,945848.7148854458
2020-10-15,1472467.6224528546,936972.175348205
2020-10-16,1441184.0501622343,932971.4542031644
2020-10-19,1475421.9305112404,944926.4048330932
2020-10-20,1483028.6342536542,939595.8430690632
2020-10-21,1488170.593507873,939140.8239062816
2020-10-22,1509150.6388207544,940458.2248843611
2020-10-23,1552353.8568491885,940446.2825576959
2020-10-26,1587530.726356483,940434.3403826792
2020-10-27,1572506.3379323792,935104.3335213577
2020-10-28,1541817.9931254045,930660.7413645927
2020-10-29,1539173.778629974,920456.1980150291
2020-10-30,1500049.688373331,912910.6045373307
2020-11-02,1491527.4553086204,916444.3953714595
2020-11-03,1512805.6029119752,927068.3725380506
2020-11-04,1538735.8339367998,940793.941099129
2020-11-05,1535673.937221751,939895.702458147
2020-11-06,1533484.8008029272,945644.5524119079
2020-11-09,1563375.2459424352,958039.9974918666
2020-11-10,1536050.9391748486,949165.4892663427
2020-11-11,1529500.3635280603,963776.3122335514
2020-11-12,1537552.6191185783,964207.2317338428
2020-11-13,1534077.4553018908,968182.798005922
2020-11-16,1547311.4159308462,999630.4742251753
2020-11-17,1579650.5623115487,1006707.3165826832
2020-11-18,1595499.0485628578,1013340.7635541316
2020-11-19,1596039.3804281102,1011555.536709587
2020-11-20,1618213.280554893,1010213.639353114
2020-11-23,1687788.4912218375,1023049.7275158878
2020-11-24,1708931.9166543158,1018163.0548684428
2020-11-25,1699781.3683339525,1009732.0482270784
2020-11-26,1721206.3484644932,1017694.2554023778
2020-11-27,1741802.0203523594,1015909.0282400391
2020-11-30,1758162.2993563267,1003934.047996162
2020-12-01,1799684.3001702225,1012782.1144821618
2020-12-02,1866129.5220271638,1022515.9542687266
2020-12-03,1883294.0407691263,1022502.9699391485
2020-12-04,1990123.5542523754,1039324.5643948674
2020-12-07,2060194.4752043565,1049057.6958362875
2020-12-08,2099170.4648535904,1063663.8827969367
2020-12-09,2123109.336682268,1063650.3759539803
2020-12-10,2036226.727431556,1050789.7537042033
2020-12-11,1981082.8766356315,1052105.3695343176
2020-12-14,2024375.1047714138,1047661.9882601115
2020-12-15,1977325.2992039728,1037017.3611440818
2020-12-16,2029581.9531548356,1056495.0384275108
2020-12-17,2047565.7489420157,1050723.0385888177
2020-12-18,2037045.8863840657,1047165.8431088165
2020-12-21,2073260.8071796321,1057340.7234866105
2020-12-22,1997070.4300555345,1045367.5672346684
2020-12-23,2040087.3992744584,1046683.1169185652
2020-12-24,2073849.824574448,1052427.9640693327
2020-12-25,2107602.987889445,1053743.5504449296
2020-12-28,2241891.5281530432,1063031.5845746428
2020-12-29,2212789.046206009,1062132.3813714169
2020-12-30,2256444.1670229477,1077178.0787341674
2020-12-31,2251450.857860811,1082922.3331476252
2021-01-04,2332206.386887499,1101510.5469081902
2021-01-05,2345924.959312466,1103711.0681648855
2021-01-06,2246424.094069189,1115655.2638802587
2021-01-07,2195996.847170959,1141771.5076888292
2021-01-08,2223534.4930128786,1162130.0009871358
2021-01-11,2276440.3927483605,1171858.603118304
2021-01-12,2235307.0366311213,1170072.1958859183
2021-01-13,2233144.3861145005,1198400.761425241
2021-01-14,2217463.3862929586,1187313.9843653296
2021-01-15,2117415.246922495,1191284.5700675657
2021-01-18,2125709.3811049038,1190383.884455379
2021-01-19,2106906.2296912433,1221810.766968742
2021-01-20,2055552.7490834352,1224009.2912343582
2021-01-21,2122697.3256232576,1266506.2847466613
2021-01-22,2181984.1471151793,1243865.9598515304
2021-01-25,2177755.764000242,1227108.6957281837
2021-01-26,2147068.6090457807,1202207.4230436215
2021-01-27,2098397.831045168,1204001.8480938931
2021-01-28,2037987.571293826,1179553.7978557942
2021-01-29,1974757.4489067711,1160083.4928450405
2021-02-01,1968693.759077867,1183143.4857082665
2021-02-02,2068645.5244944172,1216608.8486640917
2021-02-03,2034942.7034129146,1215688.6915439311
2021-02-04,2017028.4906663802,1208434.4808953973
2021-02-05,2016156.720565438,1219729.6204103532
2021-02-17,2107311.886843954,1271742.0688707922
2021-02-18,2130112.7656882363,1269916.2753679967
2021-02-19,2098350.595220557,1256327.9088003358
2021-02-22,2164056.1510186587,1255859.6358345884
2021-02-23,2162852.188019683,1253129.2452087768
2021-02-24,2118256.9590239353,1234565.3395196495
2021-02-25,2161997.0811821376,1244502.0747605755
2021-02-26,2143666.7422628505,1206939.331229436
2021-03-02,2121791.3084749863,1207376.1358752076
2021-03-03,2178728.4506846084,1225002.9646490405
2021-03-04,2136463.1845408427,1201012.4409799213
2021-03-05,2116583.5879681846,1193759.4515656345
2021-03-08,2131749.6444588606,1192839.756906587
2021-03-09,2128789.097336229,1188301.188082369
2021-03-10,2129635.812746521,1193261.8791800465
2021-03-11,2152149.084998641,1218577.164574492
2021-03-12,2175754.039518766,1223537.3448470957
2021-03-15,2175961.6014604815,1220355.2535383273
2021-03-16,2189080.962556096,1224410.9779706416
2021-03-17,2192642.1611749427,1213992.1127506732
2021-03-18,2213752.564390782,1220308.7644047262
2021-03-19,2213569.7810967145,1201297.2273654991
2021-03-22,2307532.1671422943,1206709.458457314
2021-03-23,2257798.6881554304,1208503.1940819514
2021-03-24,2277253.6078583645,1189491.9706550252
2021-03-25,2228002.366669074,1193547.2451791367
2021-03-26,2286937.2600291083,1215241.0889379557
2021-03-29,2368774.6397123593,1225175.335936875
2021-03-30,2369745.7794652847,1229230.0022787927
2021-03-31,2344009.083858337,1218812.796783859
2021-04-01,2385607.0571285593,1227842.2903170532
2021-04-07,2550336.626728463,1246368.3288389572
2021-04-08,2610144.248484288,1250422.7592797596
2021-04-09,2621456.479085939,1247693.3571368393
2021-04-12,2865236.7271967367,1240441.8085503494
2021-04-13,2773715.749117884,1240426.056908336
2021-04-14,2755729.376954103,1247193.53651325
2021-04-15,2778781.1716348,1257578.318716483
2021-04-16,2937224.9217789853,1259371.223792368
2021-04-19,3126623.2847051406,1261616.1959981194
2021-04-20,3147365.4760180693,1259339.2399643606
2021-04-21,3420696.385510977,1248018.794328729
2021-04-22,3318996.844013107,1247098.5152603933
2021-04-23,3293438.7578495583,1258386.8460195835
2021-04-26,3493801.902438109,1276909.596011639
2021-04-27,3566278.896889568,1277345.6996220087
2021-04-28,3683745.1896736077,1269642.7243535614
2021-04-29,3663910.7116691624,1271435.2695126503
2021-05-03,3616646.8122959444,1250168.729326041
2021-05-04,3292391.346860812,1239301.5239707958
2021-05-05,3332353.585621938,1227530.4949695102
2021-05-06,3264083.9779130183,1238365.5620632526
2021-05-07,3432814.508982163,1260503.9485531682
2021-05-10,3543868.9465067224,1251897.7254304942
2021-05-11,3382345.965350221,1204862.729442366
2021-05-12,3068105.3384666126,1170035.574261152
2021-05-13,2902909.8913919376,1152841.2575452842
2021-05-14,2831483.517720836,1165937.213705652
2021-05-17,2597919.559986421,1143770.3040984445
2021-05-18,2855717.4629296605,1196196.909784463
2021-05-19,3100012.1950463005,1188044.2591234639
2021-05-20,3093595.8001980023,1179891.8952761942
2021-05-21,3260450.6162777515,1196603.2418424054
2021-05-24,3427084.0301950956,1194779.746714549
2021-05-25,3332408.5217237035,1215106.953890612
2021-05-26,3430398.1613826286,1215995.5311550063
2021-05-27,3607459.506233771,1207391.4510782578
2021-05-28,3870783.2550479556,1227717.323422369
2021-05-31,3906290.681891502,1239454.6583585988
2021-06-01,4189023.8468508115,1244863.0067021179
2021-06-02,4172819.219735826,1244847.1989179056
2021-06-03,4289806.203545002,1243927.6928500657
2021-06-04,4210776.8196962625,1238035.3731774008
2021-06-07,4091308.342048272,1241184.0353770838
2021-06-08,4298693.136263121,1233936.1638754122
2021-06-09,4221722.047170535,1224880.9312574747
2021-06-10,4155676.508720907,1243848.7153198156
2021-06-11,4476796.409745128,1248352.3476049746
2021-06-15,4825044.140335941,1255116.0298390382
2021-06-16,4918513.542292355,1253744.1222732016
2021-06-17,5036108.817209696,1250112.7017714502
2021-06-18,5315656.748949684,1247385.036964508
2021-06-21,5720021.659307692,1217540.8411912106
2021-06-22,5738008.629771108,1218881.3609991407
2021-06-23,5263373.40547716,1238750.8421798695
2021-06-24,5693663.87700396,1235571.4506771415
2021-06-25,6040446.642317025,1237815.2961656095
2021-06-28,6553807.554675663,1240059.4041833973
2021-06-29,6477681.450409623,1243659.18970503
2021-06-30,7018644.689472707,1255844.6147559937
2021-07-01,6980147.858588048,1249953.966372189
2021-07-02,7284878.641597416,1249938.0939408697
2021-07-05,7333329.322477719,1261671.2456929819
2021-07-06,7288989.288047988,1263010.7132458948
2021-07-07,7212558.6353670955,1256216.6778286144
2021-07-08,7354775.204575657,1254845.1116792983
2021-07-09,7112051.207834167,1244887.9727983193
2021-07-12,7246187.921348798,1256168.822562864
2021-07-13,7120456.195548715,1266545.3575919727
2021-07-14,7147707.721850251,1269692.2935107648
2021-07-15,7274269.250440294,1281423.921001718
2021-07-16,7389779.841108802,1264237.924007887
2021-07-19,7432734.406618078,1249763.510498406
2021-07-20,7050832.426725462,1239807.4795997192
2021-07-21,6961974.120913567,1238432.680722056
2021-07-22,7040479.302164256,1247023.316451417
2021-07-23,6995744.146532203,1247007.4812347002
2021-07-26,6995241.436669808,1236120.7367958424
2021-07-27,6780517.1628109645,1235651.964696931
2021-07-28,6657105.421582462,1216159.7158215165
2021-07-29,6868989.323223406,1236526.6309956417
2021-07-30,6635871.195095269,1232434.36531251
2021-08-02,6652212.460160961,1249177.0965034754
2021-08-03,6663956.452095719,1254143.6274823116
2021-08-04,6590114.580744316,1261374.197451301
2021-08-05,6530079.093154617,1259093.8037256903
2021-08-06,6552192.553653827,1257266.1774170487
2021-08-09,6439310.38923267,1253626.8227136473
2021-08-10,6396239.46619039,1246817.474317772
2021-08-11,6284734.687188132,1242725.8915474927
2021-08-12,6550097.252496343,1240445.3990202995
2021-08-13,6338708.309728289,1228654.829064709
2021-08-16,6243292.72008301,1225922.3768788339
2021-08-17,6212577.800599966,1216849.4256727675
2021-08-18,6455245.367169669,1221815.191905122
2021-08-19,6302373.285697106,1193722.9790104793
2021-08-20,6478083.1601920985,1184197.8099457193
2021-08-23,6636639.291181106,1216787.6186252607
2021-08-24,6716777.985313219,1220394.7311317245
2021-08-25,6815643.063341263,1232152.6964325865
2021-08-26,6777172.812362364,1240740.8399159927
2021-08-27,6753875.960590556,1251139.8980935712
2021-08-30,6765412.147711042,1263349.9617401701
2021-08-31,6886257.625263517,1271031.837804715
2021-09-01,7104236.717761534,1276901.9752739868
2021-09-02,7042259.135101236,1266924.396038422
2021-09-03,7148623.735670339,1285019.8462014329
2021-09-06,7017076.846642484,1290889.9811991246
2021-09-07,6964363.647442439,1284987.2109839767
2021-09-08,6733120.248715499,1273651.5836467687
2021-09-09,6831990.9975387305,1270466.1299937614
2021-09-10,6911317.879206902,1285390.9055959547
2021-09-13,6884425.770400895,1280847.2233337094
2021-09-14,6921078.498981176,1282189.1812601762
2021-09-15,6790646.182450454,1274476.1359565502
2021-09-16,6829473.566873532,1268574.336994637
2021-09-17,6925729.002782676,1272180.1237045994
2021-09-22,6774986.459794843,1242284.109191485
2021-09-23,7005633.186674595,1249511.7017672483
2021-09-24,7018329.182890267,1264435.4653159166
2021-09-27,6936559.894431775,1267588.207001957
2021-09-28,6865914.689597714,1258518.3458763778
2021-09-29,6567070.687219247,1231340.2972145432
2021-09-30,6676446.77727721,1240831.3319262927
2021-10-01,6419656.745769704,1212748.8157703201
2021-10-04,6281217.40972637,1205490.6121438704
2021-10-05,6493054.572737979,1203664.5066210676
2021-10-06,6532892.807545827,1204101.9356346643
2021-10-07,6800552.6226897845,1225362.0797410551
2021-10-08,6822817.181451131,1214935.0091022893
2021-10-12,6665340.716330563,1202698.2958973756
2021-10-13,6571944.795083396,1198608.9674160655
2021-10-14,6506761.98098921,1201762.3017214765
2021-10-15,6535376.843638015,1233431.5474456712
2021-10-18,6651806.093301124,1229794.8968555748
2021-10-19,6752908.208173727,1239736.7710631778
2021-10-20,6761687.939825381,1236552.8741225777
2021-10-21,6968414.869373897,1232011.1692162931
2021-10-22,7126468.010068176,1235616.2488309874
2021-10-25,7137247.0843918,1234695.189296062
2021-10-26,7085144.064288272,1245089.3273647358
2021-10-27,7324631.046852555,1245073.5167066103
2021-10-28,7201930.532070972,1241436.8465843808
2021-10-29,7230498.565029949,1229201.6544934625
2021-11-01,7496730.875880018,1235522.1096291903
2021-11-02,7470247.762455796,1233243.6090979879
2021-11-03,7570677.878140044,1236395.8605078023
2021-11-04,7459904.561536955,1232307.2511367423
2021-11-05,7684412.382743156,1249940.8909757277
2021-11-08,7567667.660900857,1259881.0586285435
2021-11-09,7603754.398428219,1273441.0663067645
2021-11-10,7614456.107086184,1271614.8323567298
2021-11-11,7639493.793969032,1260285.4740498157
2021-11-12,7671397.329546688,1264342.0692238796
2021-11-15,7568520.383322181,1275638.9375856563
2021-11-16,7578224.233545913,1277885.2630328229
2021-11-17,7598899.8855488505,1281941.7988862817
2021-11-18,7575307.727107143,1289165.2217187572
2021-11-19,7517954.2306203395,1292316.599622495
2021-11-22,7519393.629455017,1289132.4812225907
2021-11-23,7394284.388324516,1276899.3210495997
2021-11-24,7337024.974386767,1271453.3666842068
2021-11-25,7090472.809727613,1270984.6289427364
2021-11-26,7032684.757872601,1250155.255070515
2021-11-29,7191586.497646677,1250139.3800831488
2021-11-30,7247136.026735285,1248766.1792120407
2021-12-01,7226986.48851519,1269563.0028282152
2021-12-02,7185115.599631006,1283119.7975310055
2021-12-03,7275328.216542348,1282651.1855750915
2021-12-06,7121159.650493765,1279015.4391391606
2021-12-07,7146473.681200602,1283070.9173975189
2021-12-08,7182801.421678258,1288031.293799582
2021-12-09,7246588.5642016865,1284848.1517603497
2021-12-10,7192802.397062605,1284379.3071415988
2021-12-13,7271798.351719511,1280291.6442726392
2021-12-14,7039279.212690898,1267608.1661438404
2021-12-15,7244799.800830924,1269401.7976905855
2021-12-16,7397779.237468126,1285218.9226590605
2021-12-17,7217791.2723846985,1283845.500382901
2021-12-20,7193411.979893496,1272519.944745855
2021-12-21,7298557.646226056,1283360.6455386183
2021-12-22,7315345.401135836,1283344.3488955002
2021-12-23,7342452.399743968,1290565.6953560961
2021-12-24,7280948.972188508,1294168.122615876
2021-12-27,7321990.008259641,1304103.2249015272
2021-12-28,7253793.722314382,1314490.5347931043
2021-12-29,7239898.587861917,1320354.0741516561
2021-12-30,7266289.075314085,1316266.227520775
2022-01-03,7248407.955537399,1324391.3307085852
2022-01-04,7388200.026397882,1353322.830521523
2022-01-05,7346626.855753509,1350591.6953742816
2022-01-06,7323301.692162961,1337909.8181659293
2022-01-07,7149828.014700241,1326133.4218217486
2022-01-10,7100547.138779411,1334709.9777932453
2022-01-11,7097130.018966857,1341477.3203421205
2022-01-12,7030417.62275473,1352767.0016458863
2022-01-13,7011756.914220683,1359534.1819643134
2022-01-14,6768052.862565685,1359516.9180381931
2022-01-17,6756162.424925254,1374876.6107199409
2022-01-18,6761221.825991239,1359482.390843623
2022-01-19,6745657.029272975,1343183.813791031
2022-01-20,6752148.79482641,1348593.8995447373
2022-01-21,6620273.941661224,1318536.3960947052
2022-01-24,6655182.0603300575,1330998.1564035343
2022-01-25,6548770.974537447,1309260.0308260238
2022-01-26,6513914.367753157,1308319.0094864932
2022-02-07,6512324.67510599,1315234.359045628
2022-02-08,6544802.049665222,1320763.2534760959
2022-02-09,6738730.8785001505,1325367.806228743
2022-02-10,6661770.898286959,1340601.1767916656
2022-02-11,6727469.199896837,1339659.8959332725
2022-02-14,6700037.0886653485,1318847.83668212
2022-02-15,6717520.076656606,1312823.728742062
2022-02-16,6857017.268932344,1334525.7199080626
2022-02-17,6989442.888965171,1335432.9041860052
2022-02-18,7018777.614640731,1331719.3111655198
2022-02-21,6883409.168945799,1328929.9194096248
2022-02-22,6686423.19562674,1310892.106341352
2022-02-23,6761912.92865775,1314571.9544123115
2022-02-24,6638603.460586135,1282673.3030742116
2022-02-25,6632359.147424632,1279884.6749465198
2022-03-01,6810170.121901546,1297888.2055911524
2022-03-02,6826725.536117572,1290479.0315794717
2022-03-03,6809997.622763162,1293234.8791452628
2022-03-04,6686293.521233992,1279357.779162206
2022-03-07,6520611.584816844,1238221.5098663357
2022-03-08,6359450.634156494,1211870.6806163297
2022-03-09,6454595.397439484,1224329.594211117
2022-03-10,6637731.423419692,1259888.546523693
2022-03-11,6563848.884067016,1241854.6750447133
2022-03-14,6426329.005583229,1241838.905461538
2022-03-15,6110632.904109645,1216413.5537134164
2022-03-16,6109996.72527485,1221479.943182595
2022-03-17,6430454.49536462,1260270.3898545927
2022-03-18,6536983.746715851,1257482.8580254542
2022-03-21,6556770.327925481,1265781.8480838686
2022-03-22,6522949.44763039,1263918.1094091139
2022-03-23,6587407.140045161,1275912.807878552
2022-03-24,6547628.440250549,1274972.5972829936
2022-03-25,6520248.765351083,1276804.4007442044
2022-03-28,6528173.355627576,1262930.00629869
2022-03-29,6500541.272142544,1264299.8094713201
2022-03-30,6604684.747021886,1279989.1882009548
2022-03-31,6543410.219454154,1275815.5985601977
2022-04-01,6612976.230414831,1265175.1857143892
2022-04-06,6705281.883840306,1258692.7515520323
2022-04-07,6602571.093042804,1236043.7692714636
2022-04-08,6761285.788346406,1242956.5082419403
2022-04-11,6739808.95103707,1223541.2420421252
2022-04-12,6654127.8293362465,1224449.5844789739
2022-04-13,6752155.68005805,1247527.6994712816
2022-04-14,6616761.765102051,1242893.3751456565
2022-04-15,6529806.513069968,1221631.6457455494
2022-04-18,6388609.094048495,1215150.1821984926
2022-04-19,6419672.87186713,1219291.5068594292
2022-04-20,6497948.5886408705,1225279.9456674252
2022-04-21,6494986.362595172,1226187.9447248508
2022-04-22,6629300.9925967995,1215550.3144062231
2022-04-25,6402837.415816136,1193828.86327574
2022-04-26,6399112.310148198,1193813.703544143
2022-04-27,6340811.566171281,1168860.3916770185
2022-04-28,6329116.897495866,1173925.4342002706
2022-04-29,6415999.488495584,1189150.1487178272
2022-05-03,6390677.786946472,1180360.989308237
2022-05-04,6437673.090050427,1180346.0005972618
2022-05-05,6431485.268514681,1193722.7491970693
2022-05-06,6341921.9296468515,1169694.8590885524
2022-05-09,6044943.035738168,1150285.442318358
2022-05-10,6134707.313468769,1145191.4018523472
2022-05-11,6071188.0513385115,1147023.9103191155
2022-05-12,5898752.688529509,1119765.55534193
2022-05-13,5988005.976776166,1129909.8961425808
2022-05-16,6017306.22325208,1135898.3334238022
2022-05-17,6029813.8440420665,1148350.767831958
2022-05-18,6128719.587746821,1160803.1249311385
2022-05-19,6061429.491568474,1138625.386586835
2022-05-20,6086313.539599579,1151077.3911506368
2022-05-23,6129724.607228454,1153371.3729104034
2022-05-24,6145086.143674806,1140428.9301362543
2022-05-25,6231445.000376323,1149186.6453893108
2022-05-26,6218257.08890786,1134859.4298538
2022-05-27,6242378.651722027,1158853.1772176856
2022-05-30,6390080.54849151,1187001.4330674896
2022-05-31,6420265.760938726,1198528.5533725542
2022-06-01,6343481.091020907,1192511.3038678046
2022-06-02,6258867.659457629,1180031.281629942
2022-06-06,6283630.672788347,1188326.1110743962
2022-06-07,6280019.636238782,1176307.9761913584
2022-06-08,6266958.225265776,1189219.2738991533
2022-06-09,6263344.55626143,1185511.0096136613
2022-06-10,6205406.224511081,1173493.208345721
2022-06-13,6100621.404494292,1140702.3367802964
2022-06-14,6197859.135352317,1138841.2607815333
2022-06-15,6128176.303120739,1133287.2563615544
2022-06-16,6032765.754062979,1130964.765110262
2022-06-17,5981147.273517412,1115717.1669755094
2022-06-20,5763693.704827128,1105547.7432275612
2022-06-21,5959098.124961827,1128152.0504976579
2022-06-22,5779404.494341427,1103211.603250888
2022-06-23,5769808.978747839,1088426.8176463756
2022-06-24,5800769.356494419,1090720.8411232622
2022-06-27,5876352.549596131,1116555.3525825955
2022-06-28,5854428.655477904,1105925.102796394
2022-06-29,5884858.881315257,1096679.7131729776
2022-06-30,5707960.37953455,1068972.259718509
2022-07-01,5479420.08737129,1029726.5404852869
2022-07-04,5462280.731734877,1019559.4184879746
2022-07-05,5491419.227364653,1024623.4701216591
2022-07-06,5370298.6831343025,1004764.2771657264
2022-07-07,5506061.1101426035,1034750.8683721178
2022-07-08,5518966.786688824,1045352.9605911784
2022-07-11,5444380.130368624,1036109.2778836867
2022-07-12,5316775.111931769,1011174.5897195326
2022-07-13,5448931.431946103,1047159.0773162196
2022-07-14,5539626.77484046,1052222.4068748422
2022-07-15,5521893.6563792685,1066053.8749735865
2022-07-18,5633099.663651951,1070728.2233106012
2022-07-19,5564249.042995034,1071652.367225509
2022-07-20,5535048.181548646,1078670.4086501156
2022-07-21,5595406.264231468,1090844.7971036762
2022-07-22,5561065.214051845,1095050.0986349306
2022-07-25,5599851.740434032,1094098.5800647037
2022-07-26,5554721.377562188,1084240.749719795
2022-07-27,5608932.736033225,1094070.7936105218
2022-07-28,5610448.355180998,1095931.8165813617
2022-07-29,5616625.725003511,1106230.2447882385
2022-08-01,5646425.577416474,1102935.1579517932
2022-08-02,5610618.471480133,1085356.303996355
2022-08-03,5606553.890413443,1091917.5769172518
2022-08-04,5629577.426846337,1094721.5221874665
2022-08-05,5726126.882827133,1122415.6632100046
2022-08-08,5815377.71278736,1120053.3738578153
2022-08-09,5930035.140626472,1119099.9164423547
2022-08-10,5957219.291441517,1107345.4232911682
2022-08-11,5982809.040118549,1127524.3909960946
2022-08-12,6002614.914502722,1134554.1433899144
2022-08-15,6032223.820653096,1144870.7912547458
2022-08-16,5989817.329329589,1146734.6029790568
2022-08-17,6044908.631053433,1147189.5431042463
2022-08-18,5992632.358347556,1139661.6877257738
2022-08-19,5964760.823366672,1141525.6533262667
2022-08-22,5934851.788889127,1127424.1704237747
2022-08-23,5891258.167828113,1110036.2217196894
2022-08-24,5910501.416982781,1107204.8160342088
2022-08-25,6015380.811108253,1117520.8413727486
2022-08-26,5988557.425319161,1123140.9682322124
2022-08-29,5872352.3768268,1094485.2253566016
2022-08-30,5962880.978793982,1096349.3587556712
2022-08-31,5954171.491479678,1104317.2287179988
2022-09-01,5751218.65001605,1081297.0066482776
2022-09-02,5707871.573144985,1069545.5276867538
2022-09-05,5714837.235629913,1071879.465987266
2022-09-06,5718043.483941601,1078908.3248831849
2022-09-07,5683698.030826801,1053541.9745431247
2022-09-08,5776199.296156912,1061040.4531492938
2022-09-12,5884004.936840853,1083562.0253239665
2022-09-13,5875327.560839124,1089181.9556924163
2022-09-14,5883925.444872655,1067103.0399919355
2022-09-15,5901281.174845498,1068967.338413576
2022-09-16,5865242.07557892,1056747.9011353864
2022-09-19,5811125.440993005,1052039.9790010818
2022-09-20,5885165.445722555,1061415.586385272
2022-09-21,5815922.649205551,1052482.6990839278
2022-09-22,5812117.5884832945,1039794.7382940879
2022-09-23,5778205.988570957,1029923.4991330449
2022-09-26,5666873.408820147,1010664.100388037
2022-09-27,5743501.621380548,1009243.1025394754
2022-09-28,5591233.577072552,988106.7412442319
2022-09-29,5706225.678624954,984808.5347216851
2022-09-30,5675110.743014949,971183.366775774
2022-10-03,5562407.279056238,959436.2667385229
2022-10-04,5766859.574208984,983832.1695887948
2022-10-05,5758106.740172567,1006819.157143344
2022-10-06,5936238.489381175,1013847.0440570413
2022-10-07,5854167.113336558,996936.962834863
2022-10-11,5439496.259098323,945294.4450853177
2022-10-12,5357414.565075956,940588.8919459688
2022-10-13,5127218.485489542,929312.7316499597
2022-10-14,5079895.302253947,956053.4829926026
2022-10-17,5039389.354175011,938206.215937567
2022-10-18,4926530.818438138,948989.1563181839
2022-10-19,4994194.085720509,936305.3268692832
2022-10-20,4963017.41987168,931130.8466894939
2022-10-21,4785911.897647728,928303.3026757648
2022-10-24,4835527.564549841,925475.5119322602
2022-10-25,4734436.934192821,907630.2307822503
2022-10-26,4631497.9688648665,916066.1806807598
2022-10-27,4941236.291170351,929194.7304271194
2022-10-28,5085144.1694581695,917450.6863349427
2022-10-31,5213550.304159205,929640.2502607184
2022-11-01,5264932.651727174,934790.4318716541
2022-11-02,5369205.5196905015,938532.7654837903
2022-11-03,5460483.133704101,926320.0187269533
2022-11-04,5477812.056400223,927716.0168208514
2022-11-07,5553201.707267873,943658.7366839872
2022-11-08,5590519.691065074,953500.6704904948
2022-11-09,5734289.7778186295,980704.315814221
2022-11-10,5738320.589096197,971307.4257027172
2022-11-11,5855821.619908986,1022909.7136153112
2022-11-14,5883190.785186634,1032281.1614228173
2022-11-15,5853578.846504003,1076373.9735158521
2022-11-16,6046170.312727325,1074483.4814302353
2022-11-17,6237434.469923816,1074939.196357303
2022-11-18,6229248.410085562,1072110.3024879678
2022-11-21,6287238.865089413,1068343.1041164529
2022-11-22,6217977.000665452,1077244.1574573838
2022-11-23,6232103.835957932,1084737.1377529914
2022-11-24,6424448.767967595,1095045.187579634
2022-11-25,6377851.132934646,1095031.2822439184
2022-11-28,6385918.092155371,1072966.8575101509
2022-11-29,6274431.088738064,1082805.5112529534
2022-11-30,6271200.204801541,1091705.542616155
2022-12-01,6412012.35637702,1110457.296706698
2022-12-02,6489219.837636387,1100591.4513995491
2022-12-05,6463047.022038595,1101984.8611676365
2022-12-06,6397406.21305106,1081798.5979015972
2022-12-07,6248378.758361266,1075217.1488596052
2022-12-08,6331490.568000704,1062537.428477397
2022-12-09,6469904.162052868,1078942.8385176407
2022-12-12,6397727.781802818,1068608.8065670803
2022-12-13,6388973.286384849,1063904.2296816532
2022-12-14,6566584.475299748,1077025.3096465678
2022-12-15,6518142.538380402,1077949.7152864677
2022-12-16,6441574.5954262605,1060111.180878442
2022-12-19,6446302.440806558,1053999.7433410804
2022-12-20,6090592.681010712,1034754.7767934684
2022-12-21,6045201.203203779,1038963.2298717358
2022-12-22,6011178.399030354,1056304.926400458
2022-12-23,5985930.850186385,1038467.6394482027
2022-12-26,5938656.7777868835,1042206.7658453892
2022-12-27,5946519.511417781,1046883.8635230387
2022-12-28,5639857.390809907,1031861.7773433451
2022-12-29,5734612.190755358,1027158.4614061571
2022-12-30,5705263.613403795,1033711.5532971765
2023-01-03,5797195.142261726,1038857.689091555
2023-01-04,5845800.401422412,1036499.3210268216
2023-01-05,5837350.735330787,1043990.2777439189
2023-01-06,5921338.9921925,1048666.8563272606
2023-01-09,6021514.602729121,1086172.4642039742
2023-01-10,6000245.1552059185,1090379.5675144587
2023-01-11,5968949.444414924,1091303.589180846
2023-01-12,5893257.901534688,1086599.9748841336
2023-01-13,5912708.57895368,1099248.2232593885
2023-01-16,5990478.073906104,1107675.4686480097
2023-01-17,6034844.950748183,1107661.4029277728
2023-01-30,6209813.089751699,1157515.414247858
2023-01-31,6141221.462447814,1134485.0580849012
2023-02-01,6185587.097103317,1141183.3938962372
2023-02-02,6229840.505161256,1160348.1832284709
2023-02-03,6223817.216358796,1160333.4486483664
2023-02-06,6169607.829149976,1143537.3793326712
2023-02-07,6264774.938868133,1141125.4301295192
2023-02-08,6519148.764114022,1158850.8869695184
2023-02-09,6419927.543574925,1159315.6448440792
2023-02-10,6439743.280292833,1160259.7785543827
2023-02-13,6404526.499503087,1157847.8183009464
2023-02-14,6527244.6133827185,1166462.990539418
2023-02-15,6518488.386933447,1139600.2222605555
2023-02-16,6561448.506286603,1153489.0414694122
2023-02-17,6575103.205098022,1138612.4859157866
2023-02-20,6605790.943148807,1140995.0224186706
2023-02-21,6679806.728586036,1140501.1088578582
2023-02-22,6565809.2294814475,1128022.3776270875
2023-02-23,6610023.608498251,1144786.6979328003
2023-02-24,6597269.980120372,1139019.601367087
2023-03-01,6675414.824404796,1144278.3828171263
2023-03-02,6609148.183272824,1143305.063705503
2023-03-03,6544725.452039495,1144249.3219633468
2023-03-06,6636397.631845672,1155260.0240123805
2023-03-07,6766602.406664899,1162915.1320500106
2023-03-08,6768404.65937799,1153313.283986175
2023-03-09,6786317.767173026,1152339.9110195674
2023-03-10,6724106.878168919,1134110.5573866905
2023-03-13,6780314.824456602,1138889.434310159
2023-03-14,6655601.47540939,1126412.5432198853
2023-03-15,6663027.942704195,1127356.918590746
2023-03-16,6663805.48937058,1122070.1737944733
2023-03-17,6836930.159579178,1140269.4100649906
2023-03-20,6836739.838433392,1132106.866703226
2023-03-21,6784564.408529584,1137364.7190439822
2023-03-22,6856258.021543505,1158918.2308031619
2023-03-23,6906499.376402622,1168009.8737152158
2023-03-24,6909827.785210341,1171350.040678606
2023-03-27,6879397.895968696,1164146.042608196
2023-03-28,6814353.795690013,1154066.6779073442
2023-03-29,6761117.068251067,1155969.2171722136
2023-03-30,6761628.403918874,1161705.4114452521
2023-03-31,6821607.965997711,1165524.7914224355
2023-04-06,6736158.269148833,1159758.945943325
2023-04-07,6929011.175092608,1159744.2188455989
2023-04-10,7144044.428501915,1159729.4919348832
2023-04-11,7479936.520623738,1158277.1183083814
2023-04-12,7465447.182988145,1155387.0732451126
2023-04-13,7341372.955049743,1145309.1289237172
2023-04-14,7526876.232315345,1156316.2575024145
2023-04-17,7345925.953211926,1153426.3468742135
2023-04-18,7237054.0367571525,1149578.0860471881
2023-04-19,7217699.307439045,1140938.2640026044
2023-04-20,7153319.751807295,1139486.3362632615
2023-04-21,6842803.983715974,1136596.7059074389
2023-04-24,6929883.085957928,1132269.9045878912
2023-04-25,6566594.95075512,1117401.3838127851
2023-04-26,6640571.188824686,1112595.7605698763
2023-04-27,6696807.808666373,1111623.294152764
2023-04-28,6744695.53193159,1125025.2661096556
2023-05-02,6984524.803193798,1127885.6038082475
2023-05-03,6819254.476999785,1123080.1702765264
2023-05-04,6804230.17581686,1125940.6186155754
2023-05-05,6928754.817931693,1128801.0735995525
2023-05-08,7024195.582363378,1135973.410755259
2023-05-09,6922605.677775836,1139312.7123765624
2023-05-10,6955272.988614545,1128758.0721999456
2023-05-11,6885037.947503466,1126348.1670186743
2023-05-12,7085302.573405306,1122980.3447309996
2023-05-15,7117508.7749945605,1122966.0846631299
2023-05-16,7291081.756955263,1136365.8003145456
2023-05-17,7288716.398418209,1155035.0066955448
2023-05-18,7417817.510583604,1170350.4690984234
2023-05-19,7744396.490288154,1173688.9935047508
2023-05-22,7768783.447775626,1171757.881927695
2023-05-23,7905687.599003272,1170784.9505641174
2023-05-24,7790451.84411986,1165021.6861391792
2023-05-25,7757494.47782758,1178898.728955898
2023-05-26,7689296.961111807,1206667.23840493
2023-05-29,8062912.918436745,1214316.3388183434
2023-05-30,7811326.401078353,1214300.9189283266
2023-05-31,7779657.48160897,1208537.3874338327
2023-06-01,7864459.786919452,1198942.0556998362
2023-06-02,8023997.342787186,1214254.660433115
2023-06-05,8012046.212778424,1210407.233323589
2023-06-06,7982406.950939865,1213744.8175662598
2023-06-07,8210100.629353365,1227140.8142504958
2023-06-08,7905108.299831611,1215150.8911004423
2023-06-09,7930884.340939733,1224235.8088055828
2023-06-12,7928928.879692709,1235715.2392900856
2023-06-13,8239702.233005868,1260126.21115973
2023-06-14,8263146.3045927305,1259631.1617583635
2023-06-15,8454875.239847217,1263446.6262925575
2023-06-16,8608530.351664878,1260078.206961268
2023-06-19,8484790.698183265,1257188.5847586712
2023-06-20,8522519.448074432,1250467.8012881498
2023-06-21,8471131.455799587,1250451.9223319427
2023-06-26,8302092.161798162,1242773.3720844532
2023-06-27,7957300.144022916,1234616.2497389012
2023-06-28,7902997.957838367,1236516.171434892
2023-06-29,8096338.958451085,1236021.556024093
2023-06-30,8164689.179999927,1236484.7680489735
2023-07-03,8578050.929081593,1251793.1983290461
2023-07-04,8749877.193620376,1254650.5953547216
2023-07-05,8574777.541724775,1252719.185543283
2023-07-06,8514188.528606873,1224929.243168581
2023-07-07,8394093.491396496,1222998.1799889347
2023-07-10,8366717.568163205,1220588.4534608545
2023-07-11,8704713.080418572,1237332.5129893634
2023-07-12,9039744.39029891,1239710.856992405
2023-07-13,9192561.409303172,1253581.3694914326
2023-07-14,9395836.28611089,1266493.9154944334
2023-07-17,9083009.708200347,1264083.6298023683
2023-07-18,9198636.793222394,1261638.5389106604
2023-07-19,9080394.797295047,1250934.9297152802
2023-07-20,9561180.343077783,1256748.5428072074
2023-07-21,10099469.189902857,1235843.5965232009
2023-07-24,10435606.459302193,1236313.7817043427
2023-07-25,10391350.40066608,1251842.977066423
2023-07-26,10529073.910326697,1248426.6533200757
2023-07-27,10384893.189275272,1258126.0133873206
2023-07-28,10633710.508758318,1258110.0371839758
2023-07-31,9947347.497323453,1251293.624430834
2023-08-01,9910750.136824826,1257592.2439708738
2023-08-02,9355314.472360335,1242032.7231177615
2023-08-04,9531905.05034233,1236188.193505148
2023-08-07,10063954.351474585,1248315.6862893894
2023-08-08,10217508.145401057,1233728.1912062042
2023-08-09,9954002.334370567,1235655.2906508509
2023-08-10,9198611.84610544,1227868.3175096668
2023-08-11,9510414.078982912,1226881.4466884742
2023-08-14,9616080.42658593,1209380.767373723
2023-08-15,9979200.526961314,1211308.1567164445
2023-08-16,10426275.75569241,1204978.988437548
2023-08-17,10627847.26974126,1210306.0052198868
2023-08-18,10166055.914118417,1203005.7134405116
2023-08-21,10117261.916284544,1194734.08443272
2023-08-22,10189065.128029363,1204431.9498733638
2023-08-23,10334558.076293886,1212672.7191636648
2023-08-24,10583363.03688421,1233540.207658819
2023-08-25,10006185.813676523,1209728.2166000803
2023-08-28,9734469.993545022,1217482.8737459364
2023-08-29,9857994.383691752,1224266.2822971984
2023-08-30,9946621.639236718,1229592.6818168047
2023-08-31,10017828.587242238,1220836.0008075286
2023-09-01,9776851.955437545,1222762.8446144122
2023-09-04,9703088.451170322,1231002.5424574919
2023-09-05,9765050.835674344,1228073.2267806518
2023-09-06,10043576.902264876,1223687.4000107432
2023-09-07,9983491.366762212,1212503.3407129082
2023-09-08,9789257.432373274,1207146.711062255
2023-09-11,9346067.314097827,1202275.7271913514
2023-09-12,9287812.049428526,1214399.483300942
2023-09-13,9362528.920083813,1215840.7933104257
2023-09-14,9462821.717778903,1232819.6183038584
2023-09-15,9509429.448790515,1236688.3219170037
2023-09-18,9126201.899524579,1223563.0944345868
2023-09-19,8998827.429968992,1218206.6403457278
2023-09-20,8860188.79361435,1211393.8423827356
2023-09-21,8773500.639966428,1191957.5743860148
2023-09-22,9133709.465592396,1190971.450142624
2023-09-25,9156651.455327196,1199695.5070607446
2023-09-26,9206622.283734668,1185600.6257581878
2023-09-27,9396572.270804025,1186071.0064687238
2023-09-28,9663606.87388342,1190910.957506933
2023-10-02,9670208.29875795,1206431.4545340617
2023-10-03,9720961.952940792,1199133.761650998
2023-10-04,9894988.358751945,1183583.3887700194
2023-10-05,10068384.226867802,1200559.840527427
2023-10-06,10083506.605820041,1204913.662265078
2023-10-11,10363792.534747275,1225772.8715594804
2023-10-12,10344398.856761446,1235951.695541761
2023-10-13,10405227.990182117,1232537.8613756124
2023-10-16,10363263.902499862,1225726.1760430515
2023-10-17,10273506.889108054,1228623.2169919005
2023-10-18,10179418.698684009,1211617.8030546315
2023-10-19,10330667.094514836,1212087.6939005826
2023-10-20,10385310.374172296,1217412.0215455887
2023-10-23,10230014.094960611,1202349.0092677332
2023-10-24,10524662.519030632,1203304.495374583
2023-10-25,10609391.413300004,1205716.0298996805
2023-10-26,10307106.40473074,1181916.857570076
2023-10-27,10467671.80146001,1187241.070610971
2023-10-30,10687795.11391378,1184313.7216605148
2023-10-31,10674692.627767978,1176047.5196541029
2023-11-01,10727566.888207065,1181856.8248414376
2023-11-02,10787727.051530845,1208536.410016831
2023-11-03,10625398.578607906,1217742.647064883
2023-11-06,11166686.33491449,1228404.8131142154
2023-11-07,11435743.19817859,1227903.9386118422
2023-11-08,11552171.350776276,1234682.833963397
2023-11-09,11626992.456034154,1235152.5775244536
2023-11-10,11600362.903500734,1230283.6860628822
2023-11-13,11786233.962869754,1249195.1557520074
2023-11-14,12046921.797014607,1252091.2384021427
2023-11-15,11905803.965125347,1267119.7232169812
2023-11-16,12118935.812730178,1267588.8653849177
2023-11-17,12018175.79393875,1271455.13570238
2023-11-20,12006869.17014135,1270953.6113140902
2023-11-21,12009897.533421397,1286466.4652247888
2023-11-22,12057366.571503457,1274803.5521182786
2023-11-23,11973919.679536816,1274302.0830339931
2023-11-24,11949605.242974231,1273315.2722073174
2023-11-27,11910487.111080756,1265050.0892141426
2023-11-28,12202778.144396797,1273768.2761931673
2023-11-29,12205652.967373615,1272781.5091208725
2023-11-30,12193289.784647955,1274706.4273119662
2023-12-01,12236344.610885883,1279057.1997526784
2023-12-04,12268420.740316436,1274188.8160527286
2023-12-05,12410924.731595507,1264953.7075052224
2023-12-06,12633869.495124158,1269304.3581076374
2023-12-07,12778183.50496142,1261524.8868721558
2023-12-08,12953387.785609659,1271698.10929744
2023-12-11,12745610.633225622,1273137.4235885404
2023-12-12,12958050.351505572,1276032.3041172028
2023-12-13,13607172.2239247,1276501.6126463206
2023-12-14,13728615.805454766,1292010.8062019534
2023-12-15,13275953.327119203,1297331.0107980995
2023-12-18,13278912.202823227,1299255.1628543264
2023-12-19,13249920.532559764,1294387.0417586404
2023-12-20,13120014.330905737,1297766.9119523878
2023-12-21,13258516.13206759,1286592.1185792089
2023-12-22,13419622.736147173,1289971.6049410736
2023-12-25,13506684.100315187,1295291.8254009404
2023-12-26,13799833.631915461,1302552.1508543068
2023-12-27,13799023.326248039,1317088.9729096459
2023-12-28,13491151.57228287,1317072.2479703072
2023-12-29,13447142.10392876,1314144.7977935008
2024-01-02,13497641.23538709,1308792.1652360095
2024-01-03,13333389.920896478,1285976.4729885561
2024-01-04,13333163.384409713,1285474.8820928808
2024-01-05,13310940.03450467,1282062.964031277
2024-01-08,13292452.477286566,1287867.6858578445
2024-01-09,12945539.289142005,1290276.6724209543
2024-01-10,12728640.957021449,1283469.4368218288
2024-01-11,12835477.117560662,1288788.7681114674
2024-01-12,12845122.433316182,1286832.0613669353
2024-01-15,12881502.07105662,1286815.7206423464
2024-01-16,12663155.397552144,1277098.6343151485
2024-01-17,12500810.189167716,1265170.3387009113
2024-01-18,12649656.373396814,1273591.9377216739
2024-01-19,12781136.488534423,1319238.009089643
2024-01-22,12888125.99380784,1328154.9159178003
2024-01-23,12918084.13632735,1330619.855209715
2024-01-24,12882997.291685369,1330106.4452226528
2024-01-25,12875447.682561908,1346467.4645672012
2024-01-26,12546115.860701349,1346450.3665676508
2024-01-29,12747130.711576164,1354870.3420487277
2024-01-30,12711684.903085027,1351378.9898653098
2024-01-31,12575348.64333463,1333495.9409593584
2024-02-01,12842591.10042549,1333479.0076775684
2024-02-02,12590383.812351001,1340906.0982757146
2024-02-05,12633065.998509403,1349325.2913593105
2024-02-15,12532222.476026254,1412828.4245450234
2024-02-16,12821370.908845238,1402389.3111691454
2024-02-19,12744889.770263596,1400386.678887885
2024-02-20,12891096.259961331,1405827.331170289
2024-02-21,12965344.559723988,1401343.5006152804
2024-02-22,13227715.938131534,1417204.804051244
2024-02-23,12989182.466398524,1426614.7986284846
2024-02-26,13005262.953123014,1428581.3810306517
2024-02-27,12966865.65794281,1422609.0629397938
2024-02-29,13097710.359989518,1422094.5983122964
2024-03-01,13160772.951500945,1417114.8250790527
2024-03-04,13465106.373283751,1458279.8406248323
2024-03-05,13551572.258483227,1470169.5482905423
2024-03-06,13496679.510039972,1477097.4278864472
2024-03-07,13464528.000949958,1511313.65268628
2024-03-08,13356844.294512957,1532629.3051960517
2024-03-11,13460595.50183584,1517229.1599528487
2024-03-12,13984649.489026947,1533086.4137943406
2024-03-13,14094764.083531696,1540509.23790302
2024-03-14,13880170.302028468,1539001.2998168317
2024-03-15,13550915.52115298,1518144.598124319
2024-03-18,13639786.090279147,1532016.3715518783
2024-03-19,13879753.227615941,1528524.2778694304
2024-03-20,14004255.218208259,1520071.059722574
2024-03-21,14199014.874742892,1561724.116633557
2024-03-22,14123871.705793649,1559719.8821555816
2024-03-25,14428246.186420878,1562676.8807455443
2024-03-26,14300761.12660632,1563648.975800377
2024-03-27,14246991.421307527,1564125.2414330025
2024-03-28,14197209.768223293,1556664.2856479955
2024-03-29,14029923.560493475,1565573.6860467326
2024-04-01,14505095.969201207,1561585.302000344
2024-04-02,14908660.261945203,1583887.7450801048
2024-04-03,15063349.822671333,1572954.761825803
2024-04-08,15233994.643406715,1581863.184838584
2024-04-09,16089089.736249607,1619541.8098551142
2024-04-10,15277948.792768963,1617041.0472578378
2024-04-11,14871190.235405939,1612060.1824184144
2024-04-12,15569607.310749892,1608071.7192949033
2024-04-15,14854837.693220027,1587218.8503549232
2024-04-16,14465846.650396828,1544046.8225388299
2024-04-17,15240552.306795118,1561387.0167849048
2024-04-18,15528037.810840607,1576742.7956710546
2024-04-19,14871856.368767163,1496870.0330699368
2024-04-22,14246717.561373316,1492387.155816107
2024-04-23,14166040.825411236,1506751.3548235446
2024-04-24,15043267.550246427,1550872.8226830943
2024-04-25,14933019.515469858,1522583.561524272
2024-04-26,14971083.791993232,1547361.6255908231
2024-04-29,14937728.39521465,1575114.9953899093
2024-04-30,14732766.196637634,1569639.4988186054
2024-05-02,14417269.311933294,1548790.6090715032
2024-05-03,14477201.008570211,1556705.6746568359
2024-05-06,14919891.746285852,1579002.069394924
2024-05-07,15043161.893937573,1587908.62371945
2024-05-08,15284039.058608051,1593839.2430596661
2024-05-09,15187844.674587779,1591835.2233347055
2024-05-10,14996841.038519967,1603220.651879915
2024-05-13,14515979.077418871,1619564.4825227866
2024-05-14,14729032.874002714,1630453.5014968254
2024-05-15,14595149.841721278,1652746.8177303828
2024-05-16,14788361.093986813,1660659.814895195
2024-05-17,14744071.536071066,1658655.2562322684
2024-05-20,14491403.930256687,1658138.2929015127
2024-05-21,14609208.609119982,1656133.9750642835
2024-05-22,14618251.796316577,1685863.3998902598
2024-05-23,14684664.398522586,1698733.8190139811
2024-05-24,14947858.35112693,1691770.7779738314
2024-05-27,15125051.437879518,1715052.7879685445
2024-05-28,15215025.690058973,1717510.325820696
2024-05-29,15056577.7864726,1694185.4567777463
2024-05-30,14725488.30951835,1664911.2886716274
2024-05-31,14520108.790279027,1646049.8034550902
2024-06-03,14681509.266478974,1681230.0777678196
2024-06-04,14613412.46316909,1654436.3474344849
2024-06-05,14708106.201728974,1670280.3284208344
2024-06-06,14891346.148687148,1727272.9388910744
2024-06-07,14942636.40787245,1713865.4829267901
2024-06-11,14793401.882546596,1718305.5036771705
2024-06-12,14809818.545562055,1749020.2926812705
2024-06-13,15091253.279877502,1774281.200941624
2024-06-14,16118184.50000714,1784669.2618043704
2024-06-17,15950530.013789905,1784646.599337554
2024-06-18,16014217.001896426,1814367.7512817027
2024-06-19,16337715.659064328,1863421.3897103753
2024-06-20,16980264.738278758,1881243.4357417896
2024-06-21,16747173.66751884,1869818.2624254394
2024-06-24,16150537.947797954,1824189.642997947
2024-06-25,16389697.369837709,1823175.149795824
2024-06-26,16316709.777890198,1837527.1142147877
2024-06-27,16271655.973472387,1837008.049490509
2024-06-28,16409610.088387504,1848385.1246637728
2024-07-01,16152612.655753184,1849848.9668533064
2024-07-02,16000291.926169531,1837433.7812820133
2024-07-03,16314017.40560544,1859715.1539680352
2024-07-04,16853256.580239046,1908265.3455234892
2024-07-05,16570447.231955573,1901302.0411665007
2024-07-08,16950739.62097966,1961250.479806285
2024-07-09,17211297.624684766,1959243.0106471383
2024-07-10,17305543.620787628,1966157.0978070733
2024-07-11,17277070.864875115,2009746.8061849393
2024-07-12,16774018.361653225,1946282.592033957
2024-07-15,17156548.92829879,1949726.9908488044
2024-07-16,17141858.496744964,1961159.330354824
2024-07-17,17038827.29683101,1933737.2494778633
2024-07-18,16536984.850282494,1898844.102932582
2024-07-19,16426796.755378276,1855483.8475245174
2024-07-22,15558214.109105136,1800170.0194318653
2024-07-23,16037602.173928177,1855934.7173382558
2024-07-26,15366963.719687253,1783188.9568385931
2024-07-29,14906869.673593823,1799105.4818642181
2024-07-30,15271769.800624816,1799082.6360803214
2024-07-31,14980835.460189193,1801550.1036926287
2024-08-01,15381766.893048458,1832905.7552251685
2024-08-02,14707192.763489319,1740242.1137766591
2024-08-05,13527750.463595835,1581339.2469590812
2024-08-06,13857060.81118605,1668478.3896153306
2024-08-07,14499361.415980676,1734697.415361343
2024-08-08,14224472.274953771,1698816.5342676206
2024-08-09,14818304.984913591,1751586.5537165427
2024-08-12,15407636.694097603,1773477.5687922859
2024-08-13,15409731.201583982,1777937.0364389457
2024-08-14,15463518.427682092,1800325.3814031847
2024-08-15,15256129.7464654,1786358.2079835774
2024-08-16,15766872.080962472,1826673.77912432
2024-08-19,15884349.741787199,1829140.4853049198
2024-08-20,16005389.165623352,1830113.3329387892
2024-08-21,15999532.065909758,1810668.6225335342
2024-08-22,15889694.639567781,1801184.1093230709
2024-08-23,16157768.207387287,1802156.957409097
2024-08-26,15944430.132683666,1805122.1455402724
2024-08-27,15920524.3534764,1797131.7639594828
2024-08-28,15843990.606583063,1822504.5414010605
2024-08-29,16236569.788316803,1797584.1159466577
2024-08-30,16116414.853539694,1806026.2738813304
2024-09-02,15958484.828494154,1801024.010168027
2024-09-03,15704511.634590862,1793034.1864846419
2024-09-04,15016492.748640215,1705377.4663056533
2024-09-05,14837109.76768925,1715811.894675922
2024-09-06,14438151.73218235,1740187.6953364948
2024-09-09,14366558.523155829,1713279.049244279
2024-09-10,13999706.318081116,1716244.6320727565
2024-09-11,14254472.561820364,1711243.7927580688
2024-09-12,14722613.577804314,1775449.0060641798
2024-09-13,14592298.214951906,1776422.1495729818
2024-09-16,14532975.563416379,1779884.8543789529
2024-09-18,14346214.383419765,1770900.6471422943
2024-09-19,14631123.47946586,1793779.556045482
2024-09-20,14437744.602012238,1816657.7253475373
2024-09-23,14606697.18609949,1824600.295135801
2024-09-24,14481826.66109557,1842001.540642053
2024-09-25,14826417.590738963,1869358.9808562384
2024-09-26,14913436.91777679,1884767.7234681414
2024-09-27,15027995.56255887,1880761.1729789278
2024-09-30,14358561.138058847,1831453.8624405449
2024-10-01,14434563.061151035,1827946.1023834457
2024-10-04,13459268.606336609,1827922.8903694474
2024-10-07,13396174.105154987,1873198.656178095
2024-10-08,13327865.47728944,1864214.9459745334
2024-10-09,13018678.438564021,1881613.5389352131
2024-10-11,13099421.217633534,1912949.2935153437
2024-10-14,13117643.318106428,1914418.292173355
2024-10-15,13120590.59611617,1955210.7449369456
2024-10-16,13124845.335909616,1921338.4461053612
2024-10-17,13484052.28640843,1924300.5145390246
2024-10-18,13489972.219445439,1972059.4090070524
2024-10-21,13743772.024696492,1971536.7407119935
2024-10-22,13804292.48525906,1964045.6655653645
2024-10-23,13857384.176263686,1951079.9228237662
2024-10-24,13633383.231308008,1939109.8819036265
2024-10-25,13779954.265673444,1955012.1291808672
2024-10-28,13845671.750734027,1951503.5080250998
2024-10-29,13496661.159806814,1906187.7442472535
2024-10-30,13553663.975936674,1909149.8219913584
2024-11-01,14036588.956933076,1896185.7622744401
2024-11-04,13827368.257078882,1920547.9635582361
2024-11-05,14223159.469496772,1927490.8826895787
2024-11-06,14192453.189749764,1942894.1468705626
2024-11-07,14173338.99031165,1965264.307846002
2024-11-08,14323773.689961929,1980666.5423496754
2024-11-11,14382050.378868641,1981636.7830501997
2024-11-12,14098430.881784862,1930852.175062789
2024-11-13,13996599.035490176,1918386.5212028814
2024-11-14,14037022.260476964,1900945.3622688176
2024-11-15,14104812.476268504,1914357.0674987822
2024-11-18,14032363.37764395,1887461.410993093
2024-11-19,14402844.546788804,1913312.9748429994
2024-11-20,14617989.50132547,1905327.1995523695
2024-11-21,14759282.996936593,1884403.952260397
2024-11-22,14665444.311528172,1921201.8392576992
2024-11-25,14555272.577707827,1914211.216352474
2024-11-26,14412023.819664381,1889307.9567803612
2024-11-27,13782733.44489843,1861917.38665507
2024-11-28,13755766.449865231,1858908.376460101
2024-11-29,13807239.803244859,1863362.9227811128
2024-12-02,13911780.793581026,1907621.4990365237
2024-12-03,14247691.715919985,1933469.8376262386
2024-12-04,14310308.284281788,1944888.399539372
2024-12-05,14176844.498486202,1955312.1392712975
2024-12-06,14179329.899408987,1947824.14521217
2024-12-09,14643783.144297842,1950287.2590728537
2024-12-10,14356321.973311191,1936332.1442919257
2024-12-11,14192187.824083846,1919392.0416691278
2024-12-12,14165757.773875805,1941755.2345431352
2024-12-13,14263494.193481123,1943223.210396444
2024-12-16,14024946.686388863,1951158.3523781344
2024-12-17,14104662.464586513,1961083.4193920465
2024-12-18,13977222.598465858,1961058.516745451
2024-12-19,13874259.011957321,1934169.9561054544
2024-12-20,13939462.198398441,1916236.517094586
2024-12-23,13950377.902835678,1962476.0137660825
2024-12-24,13889511.42402495,1967923.2785880864
2024-12-25,13873550.610452142,1973867.266021276
2024-12-26,13801119.379634272,1972349.8966887968
2024-12-27,13683347.153356321,1978791.4737591161
2024-12-30,13654977.140711512,1967823.3224842306
2024-12-31,13755952.72839173,1947403.7052525391
2025-01-02,13204758.375576783,1930467.1581307568
2025-01-03,13007071.057768296,1949841.5272405928
2025-01-06,13188939.917586608,2010997.0585897565
2025-01-07,13274476.899596227,2033354.413964254
2025-01-08,13152202.641876347,2002987.9433369723
2025-01-09,12929100.061788712,1980082.9126483505
2025-01-10,12683663.872427996,1979560.1862996023
2025-01-13,12102830.046920847,1933777.0193160465
2025-01-14,12228626.224733926,1945689.2372742041
2025-01-15,12083322.815591529,1930743.791787678
2025-01-16,12283828.0098809,1970010.1637232339
2025-01-17,12371392.72249624,1979565.2544970938
2025-01-20,12950065.347807765,1999708.6150693393
2025-01-21,12830305.52292478,2003716.965163774
2025-01-22,13034879.422363447,2029909.7286370138
2025-02-03,12502178.831539534,1943162.572462064
2025-02-04,13003621.575941233,1954734.3487832285
2025-02-05,13301798.463554176,1984456.279138926
2025-02-06,13441295.892483313,1993001.8841139763
2025-02-07,13986103.789089043,2002051.7278774127
2025-02-10,13688879.851921968,1979339.029959021
2025-02-11,14066643.10327145,1991413.4216281872
2025-02-12,13997974.33739165,1988363.4092774964
2025-02-13,14122460.550704326,1979767.7418835706
2025-02-14,14040528.398709984,1956048.2633695735
2025-02-17,14270187.76929169,1985766.99720752
2025-02-18,14388858.956998363,1992799.4294286673
2025-02-19,14237300.924099818,1989245.502765657
2025-02-20,13994426.318638848,1981658.5330147098
2025-02-21,14224494.278050072,1995748.2860651647
2025-02-24,14012034.828144561,1978079.4025168563
2025-02-25,13542941.29965708,1952345.640864905
2025-02-26,13650100.62249187,1962906.5150764557
2025-02-27,13135212.0311496,1940702.2675626206
2025-03-03,12684488.580145909,1895815.1835137529
2025-03-04,12679118.30083124,1883189.5387847915
2025-03-05,12759095.133602006,1907864.4158515353
2025-03-06,12739324.052462358,1896247.145696815
2025-03-07,12691931.065930834,1878581.3179350845
2025-03-10,12463979.127443148,1867468.7259990417
2025-03-11,12212018.844288953,1834682.5970979757
2025-03-12,12267693.194924593,1842723.7599896477
2025-03-13,12285878.879299644,1825563.8167886727
2025-03-14,12307072.02201069,1819492.3247681253
2025-03-17,12360481.900878876,1835093.5466280845
2025-03-18,12589635.993257608,1842630.16310529
2025-03-19,12254798.763136666,1819927.136833778
2025-03-20,12352444.524230875,1859215.0192579092
2025-03-21,12217004.43534701,1844071.989631073
2025-03-24,11943326.152579036,1842032.6230276413
2025-03-25,12020861.90057265,1861160.1171353685
2025-03-26,12158173.224011641,1859624.6779099107
2025-03-27,12088501.912389867,1824323.996887376
2025-03-28,11945001.049112238,1806158.5201193676
2025-03-31,11144182.336109733,1741126.9506644607
2025-04-01,11081313.592862155,1776884.4735381114
2025-04-02,11038616.79726949,1773838.1749779736
2025-04-07,9939010.001793675,1596434.0376406212
2025-04-08,9119777.694054283,1544510.0566046329
2025-04-09,8273791.117714478,1473439.0135924967
2025-04-10,9087715.765197275,1620560.766757283
2025-04-11,9213309.149537636,1658332.5792918927
2025-04-14,9600402.608003786,1649745.3461394159
2025-04-15,10095277.25230294,1666352.8289953845
2025-04-16,9553947.50400077,1636098.813047609
2025-04-17,9614189.142716007,1617938.4907901846
2025-04-18,9571527.279001778,1621444.977719655
2025-04-21,9251422.598536134,1598246.9745100718
2025-04-22,8998885.965007337,1571522.1436228866
2025-04-23,9501912.053091768,1641033.2941427426
2025-04-24,9512759.212899039,1631439.5236831084
2025-04-25,9818596.778934427,1670214.171659294
2025-04-28,9814711.230049085,1684300.0164401156
2025-04-29,10180178.035324866,1690828.4294528174
2025-04-30,9945924.204829067,1698867.882380854
2025-05-02,10519775.83604436,1748219.906886501
2025-05-05,10319617.653701266,1732579.728427445
2025-05-06,10416621.941345073,1722985.4883975019
2025-05-07,10257540.333735717,1716414.382085862
2025-05-08,10530274.795081126,1739063.028161109
2025-05-09,10521751.28962764,1760703.1256504075
2025-05-12,11015881.74746727,1780328.0163598857
2025-05-13,11344425.97704771,1801967.3556236906
2025-05-14,11429205.138137922,1842748.6906081273
2025-05-15,11464797.882751895,1838695.340517575
2025-05-16,11403420.814538226,1843709.4841378715
2025-05-19,11079629.216517692,1817995.377858754
2025-05-20,11369249.591758521,1821498.5419115343
2025-05-21,11837228.726725826,1849684.1035238474
2025-05-22,11809784.111849602,1829511.8283591832
2025-05-23,11772834.379650883,1821932.8380130853
2025-05-26,11610096.350647235,1819894.6694924422
2025-05-27,11575086.562348437,1803753.2388437048
2025-05-28,11572659.51987244,1806752.4906989767
2025-05-29,11696135.697133092,1810759.144143606
2025-06-02,11452214.951720905,1771952.4493962855
2025-06-03,11700777.541924134,1784521.9197316433
2025-06-04,11849878.751009053,1826303.8203638198
2025-06-05,11972538.762965508,1829806.070531019
2025-06-06,11787341.958109304,1832805.0771577326
2025-06-09,11797980.777313448,1850409.352027546
2025-06-10,11942888.494490791,1900246.4531042106
2025-06-11,12161045.147544907,1900222.3229905204
2025-06-12,12008972.932972787,1900198.1931832444
2025-06-13,11736929.459284436,1900174.0636823785
2025-06-16,11770943.991504624,1900149.9344879189
2025-06-17,11780588.292497132,1900125.8055998615
2025-06-18,11706215.432208022,1916519.4847294386
2025-06-19,11677142.716555666,1897559.5382076865
2025-06-20,11632463.513915649,1894715.5462437966
2025-06-23,11718816.327001031,1878979.6638868223
2025-06-24,11955909.906153483,1913199.189910202
2025-06-25,12036859.799389554,1940972.187012531
2025-06-26,11977422.82778978,1943364.4932233214
2025-06-27,12161294.854522305,1945354.2600091833
2025-06-30,12644384.881904818,1948149.238225303
2025-07-01,12828948.84477817,1959404.0284651646
2025-07-02,12788962.107509822,1959782.0838384805
2025-07-03,13094273.917368257,1986746.6663235778
2025-07-04,13018228.89472245,1968191.557181834
2025-07-07,12777948.585782375,1956484.687203272
2025-07-08,13119318.81323577,1947598.0541736064
2025-07-09,13587647.861472435,1967713.6682962724
2025-07-10,13654786.288584022,1990245.5756901416
2025-07-11,13531007.4531364,1998679.0109198913
2025-07-14,13625942.297997143,1986972.8112357343
2025-07-15,13975205.968493342,2013934.3067763199
2025-07-16,13802650.412418684,2030019.8917305674
2025-07-17,13872409.381202456,2042077.526638633
2025-07-18,14305153.424676467,2072259.3495748767
2025-07-21,14198998.781119904,2064526.7221430705
2025-07-22,13689166.66372587,2050304.4060548495
2025-07-23,14002972.49545872,2056362.4712985894
2025-07-24,14183279.336263321,2068503.9323774818
2025-07-25,14329374.940348944,2064421.8592911002
2025-07-28,14781869.50281389,2070479.1977843277
2025-07-29,14943845.2653414,2046118.527937562
2025-07-30,14905498.770713823,2068398.8675123316
2025-07-31,15406798.623612886,2090678.6409072713
2025-08-04,15098388.738504928,2060208.919789591
2025-08-05,15474531.226633739,2086543.3933081906
2025-08-06,15598173.782124912,2068267.5439353522
2025-08-07,16170711.818915643,2127044.3043076526
2025-08-08,16785824.25342732,2127017.294221248
2025-08-11,16771366.10278843,2143211.243999486
2025-08-12,16720399.959258389,2145211.701727472
2025-08-13,16995646.2206207,2163432.4980375688
2025-08-14,16644475.242478803,2155295.0129131824
2025-08-15,16660230.168362752,2155267.644087621
2025-08-18,16950543.203848485,2161322.8281389102
2025-08-19,16380596.136809992,2157240.451850099
2025-08-20,15871158.100652108,2096389.2356132893
2025-08-21,16402767.687394299,2108527.2564295293
2025-08-22,16062522.581635993,2098363.4614521284
2025-08-25,16335091.966945369,2136857.0972109195
2025-08-26,16257618.142030595,2138857.062534138
2025-08-27,16667424.385831185,2148966.694115656
2025-08-28,16510395.14559569,2128666.395366369
2025-08-29,17069082.077500112,2128639.3646819834
2025-09-01,16001066.76096179,2108339.838924348
2025-09-02,15568251.788015945,2108313.0663549644
2025-09-03,15537111.666363878,2106259.0329491342
2025-09-04,15962927.237918079,2120422.461441548
2025-09-05,16019299.378260044,2142694.2108548395
2025-09-08,16173394.435493112,2162938.052551738
2025-09-09,16215142.395069312,2185208.8535648785
2025-09-10,16442374.329562947,2227749.6243168134
2025-09-11,16474691.203403827,2247991.7715126127
2025-09-12,16464200.582297055,2270260.3274588687
2025-09-15,16311540.482683243,2270231.4987562974
2025-09-16,16357818.292054323,2300607.324026081
2025-09-17,16010371.02157273,2284362.395436378
2025-09-18,16419367.063481223,2308656.4928035275
2025-09-19,16327660.98066844,2310653.971036292
2025-09-22,16230227.04815107,2326839.56841904
2025-09-23,16029868.116503442,2369373.6759591596
2025-09-24,15964976.24367585,2367316.871378935
2025-09-25,15468234.34162939,2359179.412901688
2025-09-26,15023673.890522357,2320641.068990376
2025-09-30,15463757.967972152,2342905.7458520834
2025-10-01,16048190.301423147,2355036.1540731196
2025-10-02,16909523.479448244,2399593.4070977266
2025-10-03,17448429.61971354,2434016.082677698
2025-10-07,18471313.490427047,2500864.0556014795
2025-10-08,18193316.550751317,2478539.568743213
2025-10-09,18882518.643191375,2496747.2551276744
2025-10-13,18689761.971860062,2472396.926757983
2025-10-14,17487967.27625328,2460206.4526982233
2025-10-15,17478750.306401882,2504758.249328737
2025-10-16,18647551.9899213,2553361.8373360746
2025-10-17,19004338.912558824,2514826.8951509353
2025-10-20,19940478.71848421,2557349.8107800465
2025-10-21,19457463.69254993,2561370.263087601
2025-10-22,19925031.667550944,2541073.9930702564
2025-10-23,19879961.019251578,2526857.158122306
2025-10-27,21170515.60901906,2585588.5328291673
2025-10-28,22203481.1461311,2567319.0875865393
2025-10-29,22304949.41360859,2609838.2522050086
2025-10-30,22618351.26041578,2609805.111401806
2025-10-31,22353178.400416944,2623955.4800523208
2025-11-03,22894828.57776317,2599607.859294133
2025-11-04,22030295.371320393,2591469.9215551177
2025-11-05,22616857.300236166,2559018.8223246713
2025-11-06,23667324.898445476,2565064.709886938
2025-11-07,23265466.506094545,2534640.608368854
2025-11-10,24707364.883737136,2567025.6945936303
2025-11-11,24935890.66576181,2548758.6429873505
2025-11-12,24997399.128693666,2560882.4264022163
2025-11-13,25287677.434365544,2548693.913020102
2025-11-14,23905346.318860207,2500038.504547917
2025-11-17,24887870.28771293,2508110.600940283
2025-11-18,23716221.22868255,2449327.2282409184
2025-11-19,23413401.91976524,2433089.009166171
2025-11-20,23260453.930965636,2508015.0550830616
2025-11-21,21358467.31745797,2424923.785524633
2025-11-24,21904985.762009364,2412738.2367852964
2025-11-25,22078405.834464885,2445120.0277569154
2025-11-26,21120377.667308558,2485604.118543697
2025-11-27,22212033.128293768,2507855.8200760596
2025-11-28,22408451.012776367,2526055.103471285
2025-12-01,22441553.073957354,2491586.5010791817
2025-12-02,22388361.642021053,2499657.5729050846
2025-12-03,22393701.25303734,2523933.1825711057
2025-12-04,22723024.52094987,2519850.1165213133
2025-12-05,23332869.61714229,2542099.5277910377
2025-12-08,24697968.223843716,2580552.657167963
2025-12-09,24945072.39854604,2576468.711122856
2025-12-10,24087658.753052376,2594665.7442788444
2025-12-11,24164067.56569405,2566276.064820557
2025-12-12,25405075.37987712,2570294.3423177116
2025-12-15,24842197.452492557,2543931.0205179323
2025-12-16,24442741.499785215,2521619.4454199383
2025-12-17,25235720.529020086,2507410.0158390854
2025-12-18,25603163.890126534,2507378.1757119
2025-12-19,25564143.808690965,2531650.141273996
2025-12-22,26263837.32319872,2568073.1595074413
2025-12-23,25941070.400017083,2580192.2219043835
2025-12-24,27197417.492748767,2586235.059181971
2025-12-26,27156521.83619868,2608479.824301926
2025-12-29,27217421.051707886,2642874.761060798
2025-12-30,28301290.24477593,2638791.0590579864
2025-12-31,27925347.495894216,2656983.744961818
